year,image,text
2020,https://raw.githubusercontent.com/heranmane/label_studio_images/main/images_yr4/2020/1008081066373138.png,Raven Black Poetry
2020,https://raw.githubusercontent.com/heranmane/label_studio_images/main/images_yr4/2020/10156392211916642.png,"UPDATE: Isadora has been located safely. MISSING ADULT: Isadora Ramos of Dacono, Colo. Isadora is considered to be a significant at-risk adult, suffering from medical conditions which require medication that she did not take with her. Isadora is a 20-year-old Hispanic female, 5â€™2â€, 170 lbs., brown hair with purple highlights and brown eyes. She was last seen wearing a white sweater and blue jeans. Anybody with information is asked to contact the Dacono Police Department by calling the Weld County Regional Communications Center at 720-652-4222."
2020,https://raw.githubusercontent.com/heranmane/label_studio_images/main/images_yr4/2020/10156530858756050.png,Wishing you a Happy New Year! Check out these 10 ways you can welcome 2020. Check back for a daily post! Source: armagazine.com/2tbbl8V
2020,https://raw.githubusercontent.com/heranmane/label_studio_images/main/images_yr4/2020/10156603510731932.png,"Happy New Year Point Listeners! Were you still recovering from last night's festivities, and miss our countdown of the TOP 105 Songs of 2019 with Donny Fandango this afternoon? Here's the Top 10...but you can check out the full list from 105 to 1 here --> http://ow.ly/Fdlc30q6a2e COMMENT below - What was your top song of 2019???"
2020,https://raw.githubusercontent.com/heranmane/label_studio_images/main/images_yr4/2020/10156900337456658.png,I just laughed so hard
2020,https://raw.githubusercontent.com/heranmane/label_studio_images/main/images_yr4/2020/10156912823201097.png,"Maybe, just maybe they should clean up their own mess and start respecting each other before they try to push a broken agenda on the rest of us."
2020,https://raw.githubusercontent.com/heranmane/label_studio_images/main/images_yr4/2020/10156929407937883.png,"PLEASE DONATE! We need: - Clumping cat litter - Friskies canned cat food (especially Shreds or Filets) - FortiFlora (probiotic for cats) Please visit our Amazon Wishlist (http://smile.amazon.com/gp/registry/wishlist/1U8QC3N50M2LK) to order directly to us, or donations can be dropped off at: 326 Wye Mills Rd, Queenstown, MD 21658 Thank you!"
2020,https://raw.githubusercontent.com/heranmane/label_studio_images/main/images_yr4/2020/10156973468400017.png,We're bilingual!
2020,https://raw.githubusercontent.com/heranmane/label_studio_images/main/images_yr4/2020/10156985629770823.png,"For the first time ever, Aish Webinars & Jewish Workshops brings you sought-after speaker, in-demand coach, popular writer, and pioneer in the field of Jewish online education, Shmuel Reichman, to offer a ğ—™ğ—¥ğ—˜ğ—˜, ğ—Ÿğ—œğ—©ğ—˜ ğŸ™ğ—¶ğ—»ğ˜ğ—¿ğ—¼ğ—±ğ˜‚ğ—°ğ˜ğ—¼ğ—¿ğ˜† ğ˜„ğ—²ğ—¯ğ—¶ğ—»ğ—®ğ—¿. The event will take place online on Wednesday, January 8, to inspire you from the comfort of your very own home. ğŸ‘‰Click to join: https://jo246.isrefer.com/go/srafb/aishfb/:=:https://jewishworkshops.lpages.co/sr-self-mastery-intro-2/?ls=107 As Rabbi Akiva Tatz puts it: ""ğ˜›ğ˜©ğ˜¦ğ˜³ğ˜¦ ğ˜ªğ˜´ ğ˜¯ğ˜° ğ˜²ğ˜¶ğ˜¦ğ˜´ğ˜µğ˜ªğ˜°ğ˜¯ ğ˜µğ˜©ğ˜¢ğ˜µ ğ˜šğ˜©ğ˜®ğ˜¶ğ˜¦ğ˜­ ğ˜™ğ˜¦ğ˜ªğ˜¤ğ˜©ğ˜®ğ˜¢ğ˜¯ ğ˜±ğ˜³ğ˜¦ğ˜´ğ˜¦ğ˜¯ğ˜µğ˜´ ğ˜µğ˜©ğ˜ªğ˜´ ğ˜ªğ˜¯ ğ˜¢ğ˜¯ ğ˜ªğ˜¯ğ˜§ğ˜¦ğ˜¤ğ˜µğ˜ªğ˜°ğ˜¶ğ˜´ğ˜­ğ˜º ğ˜¦ğ˜¯ğ˜µğ˜©ğ˜¶ğ˜´ğ˜ªğ˜¢ğ˜´ğ˜µğ˜ªğ˜¤ ğ˜¸ğ˜¢ğ˜º. ğ˜ ğ˜µğ˜©ğ˜ªğ˜¯ğ˜¬ ğ˜µğ˜©ğ˜¢ğ˜µ ğ˜ªğ˜§ ğ˜ºğ˜°ğ˜¶ ğ˜¢ğ˜³ğ˜¦ ğ˜­ğ˜°ğ˜°ğ˜¬ğ˜ªğ˜¯ğ˜¨ ğ˜§ğ˜°ğ˜³ ğ˜¢ ğ˜´ğ˜¦ğ˜­ğ˜§-ğ˜¥ğ˜¦ğ˜·ğ˜¦ğ˜­ğ˜°ğ˜±ğ˜®ğ˜¦ğ˜¯ğ˜µ ğ˜¤ğ˜°ğ˜¶ğ˜³ğ˜´ğ˜¦ ğ˜µğ˜©ğ˜¢ğ˜µ ğ˜¸ğ˜ªğ˜­ğ˜­ ğ˜µğ˜¢ğ˜¬ğ˜¦ ğ˜ºğ˜°ğ˜¶ ğ˜µğ˜©ğ˜³ğ˜°ğ˜¶ğ˜¨ğ˜© ğ˜µğ˜©ğ˜¦ ğ˜ªğ˜®ğ˜±ğ˜°ğ˜³ğ˜µğ˜¢ğ˜¯ğ˜µ ğ˜¦ğ˜­ğ˜¦ğ˜®ğ˜¦ğ˜¯ğ˜µğ˜´ ğ˜ªğ˜¯ ğ˜­ğ˜ªğ˜§ğ˜¦ ğ˜¢ğ˜¯ğ˜¥ ğ˜©ğ˜¦ğ˜­ğ˜± ğ˜ºğ˜°ğ˜¶ ğ˜£ğ˜³ğ˜ªğ˜¯ğ˜¨ ğ˜°ğ˜¶ğ˜µ ğ˜ºğ˜°ğ˜¶ğ˜³ ğ˜°ğ˜¸ğ˜¯ ğ˜¦ğ˜¯ğ˜µğ˜©ğ˜¶ğ˜´ğ˜ªğ˜¢ğ˜´ğ˜µğ˜ªğ˜¤ ğ˜¥ğ˜³ğ˜ªğ˜·ğ˜¦ ğ˜µğ˜° ğ˜³ğ˜¦ğ˜¢ğ˜¤ğ˜© ğ˜ºğ˜°ğ˜¶ğ˜³ ğ˜±ğ˜¦ğ˜³ğ˜§ğ˜¦ğ˜¤ğ˜µğ˜ªğ˜°ğ˜¯, ğ˜µğ˜©ğ˜ªğ˜´ ğ˜ªğ˜´ ğ˜¢ ğ˜·ğ˜¦ğ˜³ğ˜º ğ˜¨ğ˜°ğ˜°ğ˜¥ ğ˜¸ğ˜¢ğ˜º ğ˜µğ˜° ğ˜´ğ˜µğ˜¢ğ˜³ğ˜µ"" Charlie Hararay says: ""ğ˜šğ˜©ğ˜®ğ˜¶ğ˜¦ğ˜­ ğ˜ªğ˜´ ğ˜¢ ğ˜±ğ˜¢ğ˜´ğ˜´ğ˜ªğ˜°ğ˜¯ğ˜¢ğ˜µğ˜¦ ğ˜´ğ˜±ğ˜¦ğ˜¢ğ˜¬ğ˜¦ğ˜³ ğ˜¸ğ˜©ğ˜° ğ˜ªğ˜´ ğ˜³ğ˜¦ğ˜­ğ˜¦ğ˜¯ğ˜µğ˜­ğ˜¦ğ˜´ğ˜´ ğ˜ªğ˜¯ ğ˜©ğ˜ªğ˜´ ğ˜±ğ˜¶ğ˜³ğ˜´ğ˜¶ğ˜ªğ˜µ ğ˜µğ˜° ğ˜¥ğ˜¦ğ˜­ğ˜ªğ˜·ğ˜¦ğ˜³ ğ˜¦ğ˜®ğ˜±ğ˜°ğ˜¸ğ˜¦ğ˜³ğ˜ªğ˜¯ğ˜¨ ğ˜¤ğ˜°ğ˜¯ğ˜µğ˜¦ğ˜¯ğ˜µ ğ˜µğ˜° ğ˜±ğ˜¦ğ˜°ğ˜±ğ˜­ğ˜¦ ğ˜°ğ˜§ ğ˜¢ğ˜­ğ˜­ ğ˜¢ğ˜¨ğ˜¦ğ˜´"" Rabbi David Aron says: ""ğ˜šğ˜©ğ˜®ğ˜¶ğ˜¦ğ˜­ ğ˜™ğ˜¦ğ˜ªğ˜¤ğ˜©ğ˜®ğ˜¢ğ˜¯ ğ˜ªğ˜´ ğ˜¢ ğ˜¤ğ˜°ğ˜®ğ˜±ğ˜¢ğ˜´ğ˜´ğ˜ªğ˜°ğ˜¯ğ˜¢ğ˜µğ˜¦, ğ˜±ğ˜¢ğ˜´ğ˜´ğ˜ªğ˜°ğ˜¯ğ˜¢ğ˜µğ˜¦ ğ˜¢ğ˜¯ğ˜¥ ğ˜ªğ˜¯ğ˜´ğ˜±ğ˜ªğ˜³ğ˜ªğ˜¯ğ˜¨ ğ˜µğ˜¦ğ˜¢ğ˜¤ğ˜©ğ˜¦ğ˜³ ğ˜¸ğ˜©ğ˜° ğ˜´ğ˜©ğ˜¢ğ˜³ğ˜¦ğ˜´ ğ˜¥ğ˜¦ğ˜¦ğ˜± ğ˜¢ğ˜¯ğ˜¥ ğ˜±ğ˜³ğ˜¢ğ˜¤ğ˜µğ˜ªğ˜¤ğ˜¢ğ˜­ ğ˜µğ˜³ğ˜¢ğ˜¯ğ˜´ğ˜§ğ˜°ğ˜³ğ˜®ğ˜¢ğ˜µğ˜ªğ˜·ğ˜¦ ğ˜‘ğ˜¦ğ˜¸ğ˜ªğ˜´ğ˜© ğ˜¸ğ˜ªğ˜´ğ˜¥ğ˜°ğ˜®."" ğŸ‘‰Click to join: https://jo246.isrefer.com/go/srafb/aishfb/:=:https://jewishworkshops.lpages.co/sr-self-mastery-intro-2/?ls=107"
2020,https://raw.githubusercontent.com/heranmane/label_studio_images/main/images_yr4/2020/10157039281353067.png,"Join us this Friday at our Ellicott City chapter for a halaqa and youth night! After a talk from Sheikh Mahmoud we will have games, food, and more for the youth! See you there ğŸ™‚ - Link to purchase tickets is below!! https://www.eventbrite.com/e/muslim-identity-halaqa-youth-night-tickets-87639517155"
2020,https://raw.githubusercontent.com/heranmane/label_studio_images/main/images_yr4/2020/10157070968556510.png,PS. Don't forget to VOTE!
2020,https://raw.githubusercontent.com/heranmane/label_studio_images/main/images_yr4/2020/10157095470541342.png,"QWOCMAP Advisory Board member is hosting a reading for her latest feature film, a Latina lesbian thriller! Support the films that you want to watch by queer filmmakers of color."
2020,https://raw.githubusercontent.com/heranmane/label_studio_images/main/images_yr4/2020/10157171465339227.png,It may be 2020 but we have just a few more lists before our final tally. Iâ€™m the meantime hereâ€™s Paulâ€™s #WaterlooBest19
2020,https://raw.githubusercontent.com/heranmane/label_studio_images/main/images_yr4/2020/10157172452197408.png,Facts.
2020,https://raw.githubusercontent.com/heranmane/label_studio_images/main/images_yr4/2020/10157210013216945.png,"Communion tomorrow, 10/4/2020!"
2020,https://raw.githubusercontent.com/heranmane/label_studio_images/main/images_yr4/2020/10157245321108439.png,"Welcome to Semester 2 of FaithInSight. This Semester we will be continuing our in-depth look into the fundamentals of our beautiful tradition. In our Faith Track, after covering the introduction to seeking knowledge and belief in Allah, we will delve into the remaining 5 pillars of Iman and their practical application in our daily lives. In our Worship Track, we will be covering the greatest of all of our personal actions, our direct connection with Allah, with the Fiqh of Salat. https://form.jotform.com/193560491839974"
2020,https://raw.githubusercontent.com/heranmane/label_studio_images/main/images_yr4/2020/10157325741981871.png,We are #DentonStrong! Support local!
2020,https://raw.githubusercontent.com/heranmane/label_studio_images/main/images_yr4/2020/10157339266271633.png,"These five films were among IGNâ€™s worst-reviewed movies of 2019. Which will you never, ever watch again?"
2020,https://raw.githubusercontent.com/heranmane/label_studio_images/main/images_yr4/2020/10157375167001436.png,Join us in person at 10:10
2020,https://raw.githubusercontent.com/heranmane/label_studio_images/main/images_yr4/2020/10157468841231943.png,"JWâ€™s Chris Farrell in the Daily Caller: Mexican Cartels Are Killing Americans; Trump Leakers Arenâ€™t Helping. READ: http://jwatch.us/nWno6C:=:https://www.judicialwatch.org/farrell-mexican-cartels-are-killing-americans-trump-leakers-arent-helping/ From The Daily Caller: Leakers embedded in the Trump administration are apparently â€œOKâ€ with the deaths of 75,000+ Americans per year from the Mexican cartel supplied heroin/fentanyl scourge shredding families and communities across the country. President Trump, seeking to directly combat the de..."
2020,https://raw.githubusercontent.com/heranmane/label_studio_images/main/images_yr4/2020/10157553739656658.png,Yoooo lol
2020,https://raw.githubusercontent.com/heranmane/label_studio_images/main/images_yr4/2020/10157562824075638.png,The Scattegories letter was P. Nolan wrote â€œPaul Poteetâ€ for number 1. Did he really mean it or was he just going for the repeated-letter bonus?
2020,https://raw.githubusercontent.com/heranmane/label_studio_images/main/images_yr4/2020/10157606976597900.png,The Brummels welcomed their daughter into the world at 2:29 a.m. New Year's morning: https://bit.ly/2SQAf8e
2020,https://raw.githubusercontent.com/heranmane/label_studio_images/main/images_yr4/2020/10157733327393632.png,"From all of us at AILA, wishing you and your family a happy and healthy New Year!"
2020,https://raw.githubusercontent.com/heranmane/label_studio_images/main/images_yr4/2020/10157844349782135.png,https://www.facebook.com/photo?fbid=206305204196042&set=a.195303135296249 Get ready for it folks!
2020,https://raw.githubusercontent.com/heranmane/label_studio_images/main/images_yr4/2020/10157855777227661.png,2020 is here! Come celebrate with us at our first event of 2020 and our biggest party of the year benefiting the J. Join us for Vision 2020 and come #Party4TheJ... https://sjcc.ejoinme.org/vision2020 #StroumJCC #Party4TheJ
2020,https://raw.githubusercontent.com/heranmane/label_studio_images/main/images_yr4/2020/10157859276664181.png,We love em all at Ratchet Chat: BAE PLAY
2020,https://raw.githubusercontent.com/heranmane/label_studio_images/main/images_yr4/2020/10157868003177246.png,"Happy New Year From HTPL! Take a look at some of our most popular adult items from 2019, and perhaps make a list of the ones you still need to check out in 2020!"
2020,https://raw.githubusercontent.com/heranmane/label_studio_images/main/images_yr4/2020/10157869889913088.png,"â„ï¸ HAPPY JANUARY â„ï¸ Check out what's happening in Minot for January! Please remember that this is not a full list of events. For a complete calendar of events, visit our website visitminot.org/events:=:https://visitminot.org/events"
2020,https://raw.githubusercontent.com/heranmane/label_studio_images/main/images_yr4/2020/10157950762276228.png,Here is where the best chance of any accumulating snow will be Friday and Friday night. -Schnack https://kwwl.com/2020/01/01/tracking-colder-weather-fri-sat/
2020,https://raw.githubusercontent.com/heranmane/label_studio_images/main/images_yr4/2020/10157950793910912.png,"This week is National Cheese Lover's Week and a great opportunity to try our Cheese Queso at Javier's Mexican Grill, 1414 Main Street in downtown Chipley. Authentic Mexican cuisine, served in style with a smile, at reasonable prices. Just a mile from I-10 at Exit 120, right next door to WestPoint Home Bed & Bath Outlet."
2020,https://raw.githubusercontent.com/heranmane/label_studio_images/main/images_yr4/2020/10157995632461528.png,Here is where the best chance of any accumulating snow will be Friday and Friday night. -Schnack https://kwwl.com/2020/01/01/tracking-colder-weather-fri-sat/
2020,https://raw.githubusercontent.com/heranmane/label_studio_images/main/images_yr4/2020/10158015731403824.png,Shiprocked kicks off one month from today! Who is coming to rock with us?! ğŸ¤˜
2020,https://raw.githubusercontent.com/heranmane/label_studio_images/main/images_yr4/2020/10158077179358816.png,Happy New Year! We hope everyone had a safe and fun celebration. Where will #YourAdventure take you in 2020? Let us know! ğŸ‘‡ğŸ¤”
2020,https://raw.githubusercontent.com/heranmane/label_studio_images/main/images_yr4/2020/10158120598136600.png,"UPDATE: Isadora has been located safely. MISSING ADULT: Isadora Ramos of Dacono, Colo. Isadora is considered to be a significant at-risk adult, suffering from medical conditions which require medication that she did not take with her. Isadora is a 20-year-old Hispanic female, 5â€™2â€, 170 lbs., brown hair with purple highlights and brown eyes. She was last seen wearing a white sweater and blue jeans. Anybody with information is asked to contact the Dacono Police Department by calling the Weld County Regional Communications Center at 720-652-4222."
2020,https://raw.githubusercontent.com/heranmane/label_studio_images/main/images_yr4/2020/10158146320351273.png,Happy fourth everyone !!!
2020,https://raw.githubusercontent.com/heranmane/label_studio_images/main/images_yr4/2020/10158315038446393.png,Hoping
2020,https://raw.githubusercontent.com/heranmane/label_studio_images/main/images_yr4/2020/10158409176910476.png,I'm no coward! Read the full comic at http://explosm.net/comics/4644/:=:https://explosm.net/comics/4644/
2020,https://raw.githubusercontent.com/heranmane/label_studio_images/main/images_yr4/2020/10158412386879474.png,SEE YOU AT NOON! HAVE YOUR COMMUNION WINE AND BREAD READY TO CELEBRATE COMMUNION1
2020,https://raw.githubusercontent.com/heranmane/label_studio_images/main/images_yr4/2020/10158524669699305.png,Unfair criticism? Both sides? Explain why or why not.
2020,https://raw.githubusercontent.com/heranmane/label_studio_images/main/images_yr4/2020/10159043804233322.png,This is a good read!
2020,https://raw.githubusercontent.com/heranmane/label_studio_images/main/images_yr4/2020/10159264023760934.png,How I can relate to this as Iâ€™ve missed being in worship a lot recently due to illness. I love & miss being with my people.
2020,https://raw.githubusercontent.com/heranmane/label_studio_images/main/images_yr4/2020/10160671459091151.png,"""I rejoiced with those who said to me, 'Let us go to the house of the LORD.'"" (Psalm 122:1) We know there are reasons not everyone can physically be in the building for worship. Just remember there's always a spot waiting for you here!"
2020,https://raw.githubusercontent.com/heranmane/label_studio_images/main/images_yr4/2020/10164021944720294.png,Perhaps the time is right for us to proclaim this manifesto from every pulpit to the Senate floor...
2020,https://raw.githubusercontent.com/heranmane/label_studio_images/main/images_yr4/2020/1030434363997846.png,Early voting starts Feb 18
2020,https://raw.githubusercontent.com/heranmane/label_studio_images/main/images_yr4/2020/1030434367331179.png,
2020,https://raw.githubusercontent.com/heranmane/label_studio_images/main/images_yr4/2020/1031853280524635.png,DONT MISS THIS EXCEPTIONAL EVENT on Saturdayâ€¼ï¸ All proceeds benefit the NAACP. Purchase tickets before 2PM on Saturday to be guaranteed a meal but tickets will be sold at the door. https://actionnetwork.org/ticketed_events/white-nationalism-our-community-responds
2020,https://raw.githubusercontent.com/heranmane/label_studio_images/main/images_yr4/2020/1040431402961983.png,Well done Tennessee! Getting your state in order! https://m.facebook.com/gunrightswatchers/
2020,https://raw.githubusercontent.com/heranmane/label_studio_images/main/images_yr4/2020/1054313688255920.png,We are proud to announce that our first IACJ grant of 2020 goes to Richmond for All. Weâ€™re thrilled to financially back and organize with this powerful coalition. Environmental Justice is racial justice. Environmental Justice is economic justice. Environmental Justice is social justice. Letâ€™s put people over Dominion Energyâ€™s profits from Union Hill to Navy Hill in the new year.
2020,https://raw.githubusercontent.com/heranmane/label_studio_images/main/images_yr4/2020/1058765807797137.png,"Full Load Out of Salem , yesterday Will be unloading this morning stop by check it outï¿¼"
2020,https://raw.githubusercontent.com/heranmane/label_studio_images/main/images_yr4/2020/1061602970844208.png,"""We're just doing our job"""
2020,https://raw.githubusercontent.com/heranmane/label_studio_images/main/images_yr4/2020/106363427553806.png,Today's Gazette!
2020,https://raw.githubusercontent.com/heranmane/label_studio_images/main/images_yr4/2020/1078933162440924.png,The government are the real criminals.
2020,https://raw.githubusercontent.com/heranmane/label_studio_images/main/images_yr4/2020/1081272145598524.png,"Saturday in Yuba County, at Marysville. 'This is what DEMOCRACY looks like'!"
2020,https://raw.githubusercontent.com/heranmane/label_studio_images/main/images_yr4/2020/1090280284647080.png,My Bosses ğŸ¤— Only $20 Order yours now 33507048 On PlANÃˆT CHIK
2020,https://raw.githubusercontent.com/heranmane/label_studio_images/main/images_yr4/2020/1109913669444495.png,
2020,https://raw.githubusercontent.com/heranmane/label_studio_images/main/images_yr4/2020/1112538895804467.png,"So says the anti-semitic bigot who supports BDS. You stand against Israel, therefore, you stand against the Jewish people. https://www.jta.org/2019/12/31/opinion/we-hasidic-jews-of-monsey-must-ignore-the-outsiders-who-want-us-to-take-up-arms-and-politicize-our-tragedy/amp?__twitter_impression=true:=:https://www.jta.org/2019/12/31/opinion/we-hasidic-jews-of-monsey-must-ignore-the-outsiders-who-want-us-to-take-up-arms-and-politicize-our-tragedy"
2020,https://raw.githubusercontent.com/heranmane/label_studio_images/main/images_yr4/2020/1116489738752929.png,Are you??
2020,https://raw.githubusercontent.com/heranmane/label_studio_images/main/images_yr4/2020/1138026853242640.png,Facts
2020,https://raw.githubusercontent.com/heranmane/label_studio_images/main/images_yr4/2020/116257763213432.png,One of the best leftist troll accounts EVER! ğŸ¤ªğŸ˜‚ğŸ˜‚. (DK)
2020,https://raw.githubusercontent.com/heranmane/label_studio_images/main/images_yr4/2020/117336523103805.png,oxy > racism
2020,https://raw.githubusercontent.com/heranmane/label_studio_images/main/images_yr4/2020/120595393055414.png,WHY HASN'T THIS SWAMP COM BEEN JAILED FOR TREASON?
2020,https://raw.githubusercontent.com/heranmane/label_studio_images/main/images_yr4/2020/1213663322341615.png,BLM is about S0r0$ control of Black voters
2020,https://raw.githubusercontent.com/heranmane/label_studio_images/main/images_yr4/2020/1213663329008281.png,
2020,https://raw.githubusercontent.com/heranmane/label_studio_images/main/images_yr4/2020/1254654068065610.png,THAT'S COLD BLOODED LOL SMH
2020,https://raw.githubusercontent.com/heranmane/label_studio_images/main/images_yr4/2020/1261166274219187.png,"I realize that the majority on this page do not live in AZ, but, this kid is a moron and this is what our public education is doing."
2020,https://raw.githubusercontent.com/heranmane/label_studio_images/main/images_yr4/2020/1272857809569537.png,"Acts 2:5-12 5 And there were dwelling at Jerusalem Jews, devout men, out of every nation under heaven. 6 Now when this was noised abroad, the multitude came together, and were confounded, because that every man heard them speak in his own language. 7 And they were all amazed and marvelled, saying one to another, Behold, are not all these which speak Galilaeans? 8 And how hear we every man in our own tongue, wherein we were born? 9 Parthians, and Medes, and Elamites, and the dwellers in Mesopotamia, and in Judaea, and Cappadocia, in Pontus, and Asia, 10 Phrygia, and Pamphylia, in Egypt, and in the parts of Libya about Cyrene, and strangers of Rome, Jews and proselytes, 11 Cretes and Arabians, we do hear them speak in our tongues the wonderful works of God. 12 And they were all amazed, and were in doubt, saying one to another, What meaneth this?"
2020,https://raw.githubusercontent.com/heranmane/label_studio_images/main/images_yr4/2020/1276159592577363.png,"All u instagram ""models"" tryna plug your premium snap"
2020,https://raw.githubusercontent.com/heranmane/label_studio_images/main/images_yr4/2020/1277676779252262.png,Such a good article!
2020,https://raw.githubusercontent.com/heranmane/label_studio_images/main/images_yr4/2020/1279046762285683.png,Yes please!! Wake up and walk away!
2020,https://raw.githubusercontent.com/heranmane/label_studio_images/main/images_yr4/2020/1292061984481597.png,Interesting!
2020,https://raw.githubusercontent.com/heranmane/label_studio_images/main/images_yr4/2020/1295724930766468.png,Round these here parts... we respect them pronouns -yandere
2020,https://raw.githubusercontent.com/heranmane/label_studio_images/main/images_yr4/2020/131582202020810.png,They just can't get past the media/Democrat propaganda. I guess one of the effects of TDS is an inability to look at facts. Of course it is Bernie so why would facts be needed.
2020,https://raw.githubusercontent.com/heranmane/label_studio_images/main/images_yr4/2020/1338144793191253.png,Oh how powerful and precious â™¥ï¸â™¥ï¸â™¥ï¸â™¥ï¸ğŸ™ğŸ½
2020,https://raw.githubusercontent.com/heranmane/label_studio_images/main/images_yr4/2020/1359126857620790.png,"This Sunday, join JPA along with our friends from the UJA-Federation of New York, AJC - American Jewish Committee and many other organizations as we march to show our solidarity against the growing plague of antisemitism. Please RSVP at the following link and bring your friends: https://www.facebook.com/events/3286030018134467/ #JewishandProud #Standtogether"
2020,https://raw.githubusercontent.com/heranmane/label_studio_images/main/images_yr4/2020/1371647299674298.png,Happy New Year ILTexas!
2020,https://raw.githubusercontent.com/heranmane/label_studio_images/main/images_yr4/2020/1372476742932554.png,Come join us this Saturday. Buy your tickets here: https://secure.givelively.org/event/junta-for-progressive-action/three-kings-coquito-masters-contest
2020,https://raw.githubusercontent.com/heranmane/label_studio_images/main/images_yr4/2020/1376278452533449.png,It is 2020. Here is whatâ€™s up with us. Canada. USA. Japan. Good times are ahead. Weâ€™ll meet you there.
2020,https://raw.githubusercontent.com/heranmane/label_studio_images/main/images_yr4/2020/1380442605449556.png,"Join us at Northwest African American Museum for an up close and personal insightful discussion with artist Hiawatha D., Thursday, January 9th at 7pm. #Iconicblackwomen #HiawathaD"
2020,https://raw.githubusercontent.com/heranmane/label_studio_images/main/images_yr4/2020/1398941013608960.png,"JANUARY SUPPORT CIRCLE RSVPâ€™s NOW OPEN! â¤ï¸ â£(Space is limited) â£ â£ â£ Our parenting circle focuses on using self-compassion, empathy, and connection to foster a sense of community and belonging. The intention of the circle is to have a safe space where parents (of children of all ages) can share and learn from one another. â£ â£ The topics will arise based on the needs of the group. â£ â£ A nonviolent parenting framework will used to support parents with bulidng limits with empathy and love, practicing self-empathy, listening without judgement, validating feelings and needs, and using self-regulation techniques.â£ â£ ğŸ¦’ğŸ’ğŸ¦’ğŸ’ğŸ¦’â£ â£ JOIN US to receive support and be in a safety and community. RSVP on our website: â£ â£ www.latinxparenting.org/support-circles:=:https://latinxparenting.org/ â£ *LINK IN BIO*â£ â£ This is a donation-based circle and $10 is suggested (not required). Contribute whatever is comfortable if you are able!â£ â£ Venmo: Latinx-Parentingâ£ PayPal.me/LatinxParenting:=:https://www.paypal.com/paypalme/latinxparentingâ£ In-person ok!â£ â£ ğŸ¦’ğŸ’ğŸ¦’ğŸ’ğŸ¦’â£ â£ #latinx #latinxparents #parenting #parents #parentsofcolor #latinamom #latinamoms #latinodad #latinodads #compassionateparenting #nonviolentparenting #peacefulparenting #consciousparenting #strongfamilies #raisingconsciouskids #traumainformed #healingcentered #ocmom #ocmoms #whittier #whittiermoms #santaana #ocparents #ocparenting #powerwith #parentingforsocialchange #parentsupport #parentsupportgroup #supportgroup"
2020,https://raw.githubusercontent.com/heranmane/label_studio_images/main/images_yr4/2020/1407585586077798.png,"Muay Thai Gram 2019 Awards ğŸ†ğŸ†ğŸ¥‡ It has been a big year for Muay Thai. The sport has seen tremendous growth as the fighters, coaches, fans and promotions have help push the sport we love. Muay Thai Gram wants to honor some of the standouts of the year. These are our United States[APdA1] picks of 2019: Pro Male Muay Thai Fighter Of The Year: Ognjen Topic Pro Female Muay Thai Fighter Of The Year: Janet Todd Amateur Male Muay Thai Fighter Of The Year: Adam Edgerton Outstanding Striker Of the Year: Asa Ten Pow Amateur Female Muay Thai Fighter Of The Year: Tie- Tierra Brandt & Yasmeen Salhani Inspirational Story Of the Year: 8 Limbs Gym in Philadelphia Development Of The Year: The USMF International Development of the Year: The Rise of the Stadiums â€”â€”â€”â€”â€”â€”â€”â€”â€”â€”â€”â€”â€”â€”â€”â€”â€”â€”â€” This post was brought you by Nak Muay Legends. Enter MTG to get 15% off your purchase of limited edition apparel. Support the greats of the sport past and present. Check out: Www.nakmuaylegends.com:=:https://nakmuaylegends.com/ @nakmuay_legends"
2020,https://raw.githubusercontent.com/heranmane/label_studio_images/main/images_yr4/2020/141203794135695.png,I ainâ€™t skeered!!
2020,https://raw.githubusercontent.com/heranmane/label_studio_images/main/images_yr4/2020/1419385851554149.png,"Despite Illinois' marijuana legalization starting today, these rules are very much targeting vulnerable populations and still contain many red tape that leads to incarceration or deportation (if you're not a US citizen)"
2020,https://raw.githubusercontent.com/heranmane/label_studio_images/main/images_yr4/2020/1424566354389294.png,Happy New Year! â€œSHARE.â€ Democracy is NOT inevitable. â€œFollowâ€ & â€œLikeâ€ Trumpiness
2020,https://raw.githubusercontent.com/heranmane/label_studio_images/main/images_yr4/2020/1435840303290145.png,Almighty black diamonds ğŸ˜©ğŸ˜‚
2020,https://raw.githubusercontent.com/heranmane/label_studio_images/main/images_yr4/2020/143730000387128.png,Be like Jack Kirby. He hates Nazis.
2020,https://raw.githubusercontent.com/heranmane/label_studio_images/main/images_yr4/2020/1437806649722182.png,"Siyum HaShas is a celebration of the completion of the Daf Yomi program, a seven-and-a-half-year cycle of learning the Oral Torah and its commentaries, in which each of the 2,711 pages of the Babylonian Talmud are covered in sequence."
2020,https://raw.githubusercontent.com/heranmane/label_studio_images/main/images_yr4/2020/1444924602367394.png,Is this a fair and accurate comparison? What is inaccurate?
2020,https://raw.githubusercontent.com/heranmane/label_studio_images/main/images_yr4/2020/145136716910801.png,We will come for you! ğŸ‡ºğŸ‡¸â¤ï¸
2020,https://raw.githubusercontent.com/heranmane/label_studio_images/main/images_yr4/2020/146343727155578.png,Just going to put this here. ğŸ¤”
2020,https://raw.githubusercontent.com/heranmane/label_studio_images/main/images_yr4/2020/1476884932474526.png,PASS ALONG AND LETS CHANGE IN 2020
2020,https://raw.githubusercontent.com/heranmane/label_studio_images/main/images_yr4/2020/1481098662242636.png,Worth the read!
2020,https://raw.githubusercontent.com/heranmane/label_studio_images/main/images_yr4/2020/148511346929171.png,Keep it short and sweet ğŸ˜Š
2020,https://raw.githubusercontent.com/heranmane/label_studio_images/main/images_yr4/2020/1491267854391923.png,Well sir you have a point here ğŸ¤”ğŸ¤”ğŸ˜©
2020,https://raw.githubusercontent.com/heranmane/label_studio_images/main/images_yr4/2020/1497422780455481.png,the most crooked POTUS ever
2020,https://raw.githubusercontent.com/heranmane/label_studio_images/main/images_yr4/2020/149837556771561.png,Anything but copping ğŸ˜‚
2020,https://raw.githubusercontent.com/heranmane/label_studio_images/main/images_yr4/2020/1499839726834563.png,"As we must do each 90 days on FB, here is the new fundraiser for all of those pure neshamot that care to help us help Am Yisrael and the righteous among the nations come back to HaShem and His Torah. https://www.facebook.com/donate/582087699036157/"
2020,https://raw.githubusercontent.com/heranmane/label_studio_images/main/images_yr4/2020/1501392070052726.png,Truth....
2020,https://raw.githubusercontent.com/heranmane/label_studio_images/main/images_yr4/2020/1503978929751430.png,I canâ€™t stand yâ€™all! ğŸ¤£
2020,https://raw.githubusercontent.com/heranmane/label_studio_images/main/images_yr4/2020/1516006695216694.png,"Late nights and early mornings with a stellar 2019 lineup coming through across our favorite venues âœ¨ Thank you all for dancing with us this year, weâ€™re ready 2020 ğŸ¤"
2020,https://raw.githubusercontent.com/heranmane/label_studio_images/main/images_yr4/2020/1526603264214885.png,"And then I get mad about ""all these damn dryer sheets"" as I'm putting up the laundry ğŸ¤£ğŸ˜‚ğŸ¤£ it's part of the process."
2020,https://raw.githubusercontent.com/heranmane/label_studio_images/main/images_yr4/2020/1558428767643360.png,The devaluing of American citizenship. Can anyone understand the logic of this brilliant move? Sarcasm alert. Please follow my Facebook Verified President Page. #LNR2020
2020,https://raw.githubusercontent.com/heranmane/label_studio_images/main/images_yr4/2020/1560012360822839.png,Jubilee Book Clubâ€™s next book
2020,https://raw.githubusercontent.com/heranmane/label_studio_images/main/images_yr4/2020/1578118709006596.png,YOUTH Results for the New Years Race
2020,https://raw.githubusercontent.com/heranmane/label_studio_images/main/images_yr4/2020/1620489388110050.png,End of story. Period. ğŸ¾
2020,https://raw.githubusercontent.com/heranmane/label_studio_images/main/images_yr4/2020/163135865442591.png,"Thank you for sharing this, @Antonio Del Rosario! #RidinWithBiden #Families4Biden #BidenHarris2020 â€œIf we give Donald Trump eight years in the White House, he will forever and fundamentally alter the character of this nation, who we are, and I cannot stand by and watch that happen.â€ - Joe Biden #FilAms4Biden-Northeast folks gathered safely at Central Park, to show their support for Joe Biden and Kamala Harris."
2020,https://raw.githubusercontent.com/heranmane/label_studio_images/main/images_yr4/2020/165466055259902.png,Sorry about parroting all that Chinese government misinfo over the past year. Better luck next time! At least this helped us beat Trump and that's what really matters.
2020,https://raw.githubusercontent.com/heranmane/label_studio_images/main/images_yr4/2020/166855141343037.png,#happynewyear from #ruthless LLC
2020,https://raw.githubusercontent.com/heranmane/label_studio_images/main/images_yr4/2020/1702942606522188.png,Your thoughts?
2020,https://raw.githubusercontent.com/heranmane/label_studio_images/main/images_yr4/2020/1705845236249987.png,So peaceful
2020,https://raw.githubusercontent.com/heranmane/label_studio_images/main/images_yr4/2020/1736086919874423.png,Your thoughts?
2020,https://raw.githubusercontent.com/heranmane/label_studio_images/main/images_yr4/2020/1738954936239302.png,Did you know January is:
2020,https://raw.githubusercontent.com/heranmane/label_studio_images/main/images_yr4/2020/1755840654572538.png,Says the next REAL President of the United States!
2020,https://raw.githubusercontent.com/heranmane/label_studio_images/main/images_yr4/2020/1759728060850464.png,"Posted by a fellow Loyal American who opposes The Traitor Trump: ""Who else is shocked by this? You should all be pissed the fuck off that this disgusting Trump comment was allowed to stand and he not get called out for it immediately."""
2020,https://raw.githubusercontent.com/heranmane/label_studio_images/main/images_yr4/2020/1767824990015147.png,Start of the New Year right with the new Brad's Mini Cutplug colors. MCPS are well proven for many fish from big ocean run salmon to Kokanee. Save a few bucks and get all 7 with free shipping. Unrigged 2 packs only. https://www.anglerwesttv.com/minicutplugtwopack.aspx We've also just received the backorders on the latest Kokanee Cutplugs like Mexican Hat both single & double packs. https://www.anglerwesttv.com/kokaneecutplugsuperbait.aspx Happy New Year Everyone! #Brads
2020,https://raw.githubusercontent.com/heranmane/label_studio_images/main/images_yr4/2020/1774476266016840.png,"Today was an interesting day. A woman cut in front of me at a checkout line (sorta). She slid in front of me as I looked at my phone, I knew she was with the people in front of me, but instead of saying excuse me, she did some sneaky shit & slid there. They were gone before I could react. As I loaded my groceries on the belt I looked down & found $20 the ground. Gotta love that karma. Somewhere a woman is blaming me for being the common denominator in why I have these experiences with women ğŸ˜‚ -SSM"
2020,https://raw.githubusercontent.com/heranmane/label_studio_images/main/images_yr4/2020/1813681418786257.png,We need to see your smiling faces In the pews! We need to have the support from our congregation!! We miss you all when your not there!! We are a big family and when 1 is missing we miss you!!
2020,https://raw.githubusercontent.com/heranmane/label_studio_images/main/images_yr4/2020/183815333153014.png,The Pedos say ... â€œLove is Love ... you canâ€™t help who you love ..â€ and on his shirt ... thatâ€™s the biggest print..
2020,https://raw.githubusercontent.com/heranmane/label_studio_images/main/images_yr4/2020/1880482922096562.png,and the dumbasses actually believe this shit
2020,https://raw.githubusercontent.com/heranmane/label_studio_images/main/images_yr4/2020/189104749297430.png,This election is so very important. Thank you to Dr. Carol Swain for speaking to the Marshall County Republican Party this past Tuesday! Your visit was enjoyed by all!
2020,https://raw.githubusercontent.com/heranmane/label_studio_images/main/images_yr4/2020/189807395697742.png,"So yeah...all of this. This is the first thing I thought when I first watched ""Handmaid's Tale"". *Pictured: Screenshot of Instagram post by LL McKinney that reads ""saw a post that said Dystopia is a white people word for 'What if all that shit happened TO US?' and I feel seen."
2020,https://raw.githubusercontent.com/heranmane/label_studio_images/main/images_yr4/2020/192372212297326.png,Love thisâ¤ï¸â¤ï¸â¤ï¸â¤ï¸
2020,https://raw.githubusercontent.com/heranmane/label_studio_images/main/images_yr4/2020/193253609118066.png,Congrats Cousin Queen-Cheyenne Wade
2020,https://raw.githubusercontent.com/heranmane/label_studio_images/main/images_yr4/2020/197964455032035.png,can you sign off my community service hours
2020,https://raw.githubusercontent.com/heranmane/label_studio_images/main/images_yr4/2020/200506598386593.png,ğŸ¯ you might not be a redneck if ğŸ‘ğŸ¾ğŸ‘ğŸ¾ğŸ‘‡ğŸ¾
2020,https://raw.githubusercontent.com/heranmane/label_studio_images/main/images_yr4/2020/201942227961807.png,Click to read the details of his confession: https://www.justice.gov/opa/pr/louisiana-man-sentenced-arson-three-african-american-churches
2020,https://raw.githubusercontent.com/heranmane/label_studio_images/main/images_yr4/2020/202014734666407.png,For sure!!
2020,https://raw.githubusercontent.com/heranmane/label_studio_images/main/images_yr4/2020/202226484799823.png,ğŸ§ğŸ¤”ğŸ¤¨ ...what.
2020,https://raw.githubusercontent.com/heranmane/label_studio_images/main/images_yr4/2020/202462751246010.png,"I hate the internet ğŸ˜‚ğŸ˜‚ğŸ˜‚. On the real if you in the gang interested in gun ownership, legally avoiding taxes, and taking over land?? Join the @posttrumpsecretsociety ASAP! We empire building on this side mane ğŸ† â€¢ â€¢ Text Unlearn to 813-638-0142 Download the Unlearn and Relearn App We now accept partial payments ğŸ’°ğŸ’° â€¢ â€¢ Click the link in the bio or derrickgracetwo.com ğŸ‘ˆğŸ¾ â€¢ â€¢ #unlearnandrelearn #tattedmentor #mygracetribe #graceflix #godsamongstmen"
2020,https://raw.githubusercontent.com/heranmane/label_studio_images/main/images_yr4/2020/205599144262782.png,Click for details: https://www.nbcnews.com/news/us-news/federal-judge-rules-acting-dhs-head-chad-wolf-unlawfully-appointed-n1247848
2020,https://raw.githubusercontent.com/heranmane/label_studio_images/main/images_yr4/2020/205952020887373.png,"once you see it (model: Maya Ashley Harper, quote by Will Smith) Maya and I would like to invite you to learn more about the Portland-based Black Resilience Fund's mission, and join us in donating here: https://www.blackresiliencefund.com/"
2020,https://raw.githubusercontent.com/heranmane/label_studio_images/main/images_yr4/2020/206598320830406.png,Now just try and imagine what 2021 will bring!
2020,https://raw.githubusercontent.com/heranmane/label_studio_images/main/images_yr4/2020/2076127145844788.png,Southern Breeze
2020,https://raw.githubusercontent.com/heranmane/label_studio_images/main/images_yr4/2020/208547953973747.png,"Repost from the NoH8 Campaign page. ğŸ–¤ We took down the other one to post this instead. This is an aggressive reminder that this page was NEVER for Trump, but that doesnâ€™t exactly mean we were ever political to begin with. When this page was made, we made a vow to not be your average positivity page, and thatâ€™s what weâ€™ll continue to do. This is an important day in history no matter how you look at it and no matter what anger you hold. Kamala is a BLACK (Jamaican and Indian American with other mixes to her) woman who is now going to be the Vice President of the United States of America, who is paired up with Joe Biden, who was a Vice President himself, who also made history this election, so that is what weâ€™re celebrating today. Negative, racist, and ignorant comments will be removed and you will be banned. This is not the place to spread foolishness and bully other people. We have a zero tolerance for such activities and will continue to make this a more safe place for people to visit. Also want to note that this is a bit controversial so we expect some silliness to ensue so this will be moderated heavily. We also know Biden and Harris are not the absolute greatest candidates ever with a questionable background but we still feel the need to look at the positive here and celebrate the history that has been made today. Another thing to note is that this is OFFICAL. The next President and Vice President have in fact been chosen."
2020,https://raw.githubusercontent.com/heranmane/label_studio_images/main/images_yr4/2020/208581927303683.png,"If youâ€™re new to this page, hi and welcome! ğŸ’• This page is meant to be a safe place for everyone. We repost tons of different content daily for all sorts of people and heavily moderate the comment section of everything posted to ensure that nothing harmful and toxic gets into this space. We have multiple admins and we are always around to answer messages and whatever questions you may have! Hope you enjoy the page as much as we do. Donâ€™t forget to stay hydrated. ğŸ™‚ This and our Instagram (shespeakspositiveofficial) are our ONLY pages."
2020,https://raw.githubusercontent.com/heranmane/label_studio_images/main/images_yr4/2020/209843060589423.png,FactsğŸ˜‚ https://youtu.be/tiIxxIGkGdo:=:https://www.youtube.com/watch?v=tiIxxIGkGdo&feature=youtu.be
2020,https://raw.githubusercontent.com/heranmane/label_studio_images/main/images_yr4/2020/211521030333291.png,Timeless.
2020,https://raw.githubusercontent.com/heranmane/label_studio_images/main/images_yr4/2020/212091980273890.png,"5pm temps, where are you from?"
2020,https://raw.githubusercontent.com/heranmane/label_studio_images/main/images_yr4/2020/215449236611106.png,Click to read: https://www.elnuevodia.com/noticias/politica/notas/el-partido-nuevo-progresista-presenta-proyecto-que-propone-una-nueva-consulta-de-status/
2020,https://raw.githubusercontent.com/heranmane/label_studio_images/main/images_yr4/2020/215475699941793.png,Click to read: https://periodismoinvestigativo.com/2020/11/moving-maps-puerto-ricans-struggle-for-their-place-in-philadelphia/
2020,https://raw.githubusercontent.com/heranmane/label_studio_images/main/images_yr4/2020/215636766787170.png,"Reminder that my daily list of free ebooks is still available at the $1 level on Patreon! --> https://www.patreon.com/posts/45358062 That's $1 per month, not per day, not per book. About 450 free ebooks per month for all ages. Thank you to those who support this non-monetized list!"
2020,https://raw.githubusercontent.com/heranmane/label_studio_images/main/images_yr4/2020/216776379812384.png,"Stay strong, friends. ğŸ–¤"
2020,https://raw.githubusercontent.com/heranmane/label_studio_images/main/images_yr4/2020/217706956378051.png,âœ¨ Love and gaslight âœ¨ #gaslighting #toxicpositivity #emotionalintelligence #emotionalhealth #lightworker #shadowwork
2020,https://raw.githubusercontent.com/heranmane/label_studio_images/main/images_yr4/2020/2179089982386037.png,Latest Yardi Report
2020,https://raw.githubusercontent.com/heranmane/label_studio_images/main/images_yr4/2020/2188273791296789.png,Southern Breeze
2020,https://raw.githubusercontent.com/heranmane/label_studio_images/main/images_yr4/2020/219348109551107.png,Yâ€™all know yâ€™all do this!!! ğŸ˜‚ğŸ˜‚ğŸ˜‚ğŸ˜‚ğŸ˜‚ğŸ˜‚ğŸ˜‚ğŸ˜‚ www.instagram.com/aldrenmccullar:=:https://www.instagram.com/accounts/login/
2020,https://raw.githubusercontent.com/heranmane/label_studio_images/main/images_yr4/2020/219869462838568.png,"When it comes to Representation in Politics, Kamala Harris deserves a shit ton of credit for becoming the First Black Woman, the First South Asian Woman, and the First Asian American to become Vice President. Speaking from the perspective of an Asian American, this is a LANDMARK hurdle that's been overcome. Asian Americans often feel disconnected from our Political Process, so having a Vice President in office cut from our community's cloth will inspire new generations of Asian American politicians. Kamala's win also validates the dreams of many Asian American Political Science Majors, Organizers, and Activists who've wanted to pursue politics as a career but couldn't convince their parents that it was even possible. I have my criticisms of Joe Biden and Kamala Harris' politics and their record as elected officials, and I'm not 100% sold that they will care about Asian Americans, but I'm committed to pushing Liberals towards more Progressive issues so they can TRULY represent our people -- whether we were born and raised in America or we immigrated. If we can maintain a fire under Trump's ass for 4 years so we can boot him out, we can maintain that same pressure to keep Biden and Harris in line with our community's needs. This win doesn't mean they're entitled to our support, it means we've agreed to offer support in exchange for them delivering on their promises. How do you feel about Kamala Harris becoming our new Vice President?"
2020,https://raw.githubusercontent.com/heranmane/label_studio_images/main/images_yr4/2020/2199729203655894.png,â€œdid you know i can paintâ€ a king
2020,https://raw.githubusercontent.com/heranmane/label_studio_images/main/images_yr4/2020/221968515959178.png,Click to watch: https://www.youtube.com/embed/xJpbemMjqQo
2020,https://raw.githubusercontent.com/heranmane/label_studio_images/main/images_yr4/2020/2232364366864289.png,Solid work by those involved in this apprehension!
2020,https://raw.githubusercontent.com/heranmane/label_studio_images/main/images_yr4/2020/2239543346341685.png,The Scattegories letter was P. Nolan wrote â€œPaul Poteetâ€ for number 1. Did he really mean it or was he just going for the repeated-letter bonus?
2020,https://raw.githubusercontent.com/heranmane/label_studio_images/main/images_yr4/2020/2268975786734367.png,"HAPPY NEW DECADE! HAPPY 2020! OH MY GOSH, YOU GUYS!:D -REM"
2020,https://raw.githubusercontent.com/heranmane/label_studio_images/main/images_yr4/2020/227099792137007.png,"This blew up on Twitter so even if social media ethics dictate that you're not supposed to cross post, I know someone here needs to see this. So this is for you. ğŸ¤—"
2020,https://raw.githubusercontent.com/heranmane/label_studio_images/main/images_yr4/2020/229305731891300.png,"Someone explain to me why the majority of our â€œstimulus packageâ€ is being given to foreign countries. While we get enough money to maybe make a single car payment. Iâ€™m absolutely all for helping our friends around the world when they are in need. But this is OUR money, and WE are struggling. I donâ€™t understand this nonsense, at all. These people in congress no longer have anyoneâ€™s confidence. Itâ€™s not a Republican or Democrat thing. Itâ€™s a government thing. Not a single one of them give a damn about us. TERM LIMITS, people. We just need a total start-over. Iâ€™m sure glad The Kennedy Center got some more money though. Iâ€™ve been really worried about them."
2020,https://raw.githubusercontent.com/heranmane/label_studio_images/main/images_yr4/2020/229898438495862.png,I see no lies ğŸ˜‚ğŸ˜‚ğŸ˜‚ğŸ˜‚ğŸ˜‚
2020,https://raw.githubusercontent.com/heranmane/label_studio_images/main/images_yr4/2020/2313463572247936.png,"â€œBeyond the benefits to students, interdisciplinary collaboration also benefits us as teachersâ€. Thank you to Rabbi Tzvi Sinesky for contributing to the Prizmah Blogs this week with such an insightful piece! To read his full article on Interdisciplinary Education: Not in the Heavens, click the link below: https://prizmah.org/blog/interdisciplinary-education-not-heavens Rachel Levitt Klein Dratch #PrizmahNetwork #PrizmahOnline #PrizmahBlogs #JewishLearning #JewishDaySchools #JewishEducation #JewishEducators #JewishLeadership"
2020,https://raw.githubusercontent.com/heranmane/label_studio_images/main/images_yr4/2020/231438168548784.png,ğŸ‡±ğŸ‡»ğŸ‡±ğŸ‡»ğŸ‡±ğŸ‡»ğŸ‡±ğŸ‡»ğŸ‡±ğŸ‡»ğŸ‡±ğŸ‡»ğŸ‡±ğŸ‡»ğŸ‡±ğŸ‡»ğŸ‡±ğŸ‡» Latvian weightlifter Rebeka Koha has announced that she has converted to Islam
2020,https://raw.githubusercontent.com/heranmane/label_studio_images/main/images_yr4/2020/2314391215331714.png,"""My prayers for these stressful days Have become sharpened. Unadorned. A single word to the bereaved and Wailing Mother Godâ€”mercy. Two words to The infant child God, on trial in an unjust systemâ€” Tender love. And for the God who is not a White, robed, bearded father, but a migrant laborer Daddy, with a red baseball cap, who only cries When he thinks no one can see, not a word, but A silent squeeze of his calloused hand to telegraph Reconciliation, wholeness. There was a time when More words brought comfort, but now my heart Wants most to be true. Ready for resistance by Unapologetic clarity and fueled by moving toward A future in which we have made all of us free."" â€”Holy Quiet Rev. Theresa I. Soto Spilling the Light: Meditations on Hope and Resilience At once deeply compassionate and spiritually empowering, this volume of the inSpirit Series by Rev. Theresa I. Soto tends to our souls and emboldens us to become our truest selves. Spilling the Light is available at inSpirit: The UU Book and Gift Shop at https://bit.ly/2X7PhWH:=:https://www.uuabookstore.org/Spilling-the-Light-P18511.aspx"
2020,https://raw.githubusercontent.com/heranmane/label_studio_images/main/images_yr4/2020/231508208338542.png,"Trump pardons Roger Stone, Paul Manafort and his son in laws father. https://t.co/TiAiowYnnj?amp=1:=:https://apnews.com/article/joe-biden-donald-trump-elections-campaigns-baghdad-a6741e5cf9032ce004c8f6751b3cc968?utm_source=Twitter&utm_medium=AP&utm_campaign=SocialFlow"
2020,https://raw.githubusercontent.com/heranmane/label_studio_images/main/images_yr4/2020/233972281426295.png,Smh this is beyond crazy
2020,https://raw.githubusercontent.com/heranmane/label_studio_images/main/images_yr4/2020/2352236274882696.png,Why we can't have nice things.
2020,https://raw.githubusercontent.com/heranmane/label_studio_images/main/images_yr4/2020/235462887941334.png,"Remember how America defeated the Confederacy and the Nazis? It's not surprising that they continue to be sore losers. Snopes: Is 6MWE an Anti-Semitic Proud Boys Slogan? True. https://snopes.com/fact-check/proud-boy-6mwe/:=:https://www.snopes.com/fact-check/proud-boy-6mwe/ In the age of Trump, grim warnings from Holocaust survivors: â€œIt is repeating itself, and it is again the inattention that people pay to real cues that one should understand.â€ https://wapo.st/2v3JjMY:=:https://www.washingtonpost.com/opinions/in-the-age-of-trump-grim-warnings-from-holocaust-survivors/2016/01/27/c65ea38c-c549-11e5-8965-0607e0e265ce_story.html?utm_term=.ec41887de178"
2020,https://raw.githubusercontent.com/heranmane/label_studio_images/main/images_yr4/2020/239963067530858.png,Truth... but they will always villainize the victim
2020,https://raw.githubusercontent.com/heranmane/label_studio_images/main/images_yr4/2020/240126437463351.png,Thank you King Jesus!!
2020,https://raw.githubusercontent.com/heranmane/label_studio_images/main/images_yr4/2020/2414980915474256.png,No lie detected.
2020,https://raw.githubusercontent.com/heranmane/label_studio_images/main/images_yr4/2020/2418139575103320.png,Time to start calling it what it is. If we fail to identify this evil we will be forced to repeat it.
2020,https://raw.githubusercontent.com/heranmane/label_studio_images/main/images_yr4/2020/2422516324669822.png,"â€ªAs the new year starts, the global economy and markets follow the 2019 script â€” that is, stimulus by Central Banks. The PBoC, Chinaâ€™s central bank, just announced that it will again cut its required reserve requirement â€” by 50 bps as of Monday. #markets #economics #bloomberg"
2020,https://raw.githubusercontent.com/heranmane/label_studio_images/main/images_yr4/2020/2432135617050057.png,Extremist anything is a potential disaster in the making.
2020,https://raw.githubusercontent.com/heranmane/label_studio_images/main/images_yr4/2020/2454171271359979.png,"01/02/20: Town Hall On The Rise of Anti-Semitism Come out on Thursday, January 2 at 6:30pm to the Mount Sinai Jewish Center for a unity town hall to speak out against hate & the rise of Anti-Semitic violence happening in our communities & around the nation."
2020,https://raw.githubusercontent.com/heranmane/label_studio_images/main/images_yr4/2020/2455776321198134.png,"We wish you a very Happy, Healthy and Prosperous New Year!"
2020,https://raw.githubusercontent.com/heranmane/label_studio_images/main/images_yr4/2020/2457609171222362.png,"When you think you have the job, but the company decides to go a different direction ğŸ˜‚ #NFL #AB #Saints #AntonioBrown"
2020,https://raw.githubusercontent.com/heranmane/label_studio_images/main/images_yr4/2020/2460938534160700.png,"As we must do each 90 days on FB, here is the new fundraiser for all of those pure neshamot that care to help us help Am Yisrael and the righteous among the nations come back to HaShem and His Torah. https://www.facebook.com/donate/582087699036157/"
2020,https://raw.githubusercontent.com/heranmane/label_studio_images/main/images_yr4/2020/2460985197489367.png,ANTISEMITISM EVERYWHERE! Is It Time For Jews To Make ALIYAH? EYE OPENING CRITICAL Shiur by Rabbi Yaron Reuven https://youtu.be/SI_EQueV_Mo:=:https://www.youtube.com/watch?v=SI_EQueV_Mo&feature=youtu.be
2020,https://raw.githubusercontent.com/heranmane/label_studio_images/main/images_yr4/2020/2461146404139913.png,"As we must do each 90 days on FB, here is the new fundraiser for all of those pure neshamot that care to help us help Am Yisrael and the righteous among the nations come back to HaShem and His Torah. https://www.facebook.com/donate/582087699036157/"
2020,https://raw.githubusercontent.com/heranmane/label_studio_images/main/images_yr4/2020/2461191984135355.png,ANTISEMITISM EVERYWHERE! Is It Time For Jews To Make ALIYAH? EYE OPENING CRITICAL Shiur by Rabbi Yaron Reuven https://youtu.be/SI_EQueV_Mo:=:https://www.youtube.com/watch?v=SI_EQueV_Mo&feature=youtu.be
2020,https://raw.githubusercontent.com/heranmane/label_studio_images/main/images_yr4/2020/2461286954125858.png,"As we must do each 90 days on FB, here is the new fundraiser for all of those pure neshamot that care to help us help Am Yisrael and the righteous among the nations come back to HaShem and His Torah. https://www.facebook.com/donate/582087699036157/"
2020,https://raw.githubusercontent.com/heranmane/label_studio_images/main/images_yr4/2020/2461690297418857.png,ANTISEMITISM EVERYWHERE! Is It Time For Jews To Make ALIYAH? EYE OPENING CRITICAL Shiur by Rabbi Yaron Reuven https://youtu.be/SI_EQueV_Mo:=:https://www.youtube.com/watch?v=SI_EQueV_Mo&feature=youtu.be
2020,https://raw.githubusercontent.com/heranmane/label_studio_images/main/images_yr4/2020/2467065486943136.png,The American Indian College Fund's Full Circle Scholarship application is now available for the 2020-2021 school year! Learn more at www.collegefund.org/scholarships:=:https://collegefund.org/students/scholarships/
2020,https://raw.githubusercontent.com/heranmane/label_studio_images/main/images_yr4/2020/2468951200026822.png,"â¤ï¸ğŸŒŠâ¤ï¸BLESSED MOTHER, THE MOTHER OF THE FILIPINO PEOPLE"
2020,https://raw.githubusercontent.com/heranmane/label_studio_images/main/images_yr4/2020/2470913659787060.png,DR. ZAIDI SPEAKS! HAPPY NEW YEAR ğŸ™ğŸ¿ğŸ™ğŸ¿ğŸ™ğŸ¿
2020,https://raw.githubusercontent.com/heranmane/label_studio_images/main/images_yr4/2020/2476485555898154.png,Take a look at this months calendar! The transformation challenge is HERE: Signups are until the 16th with only 100 spots available. Get signed up at the front desk ASAP!
2020,https://raw.githubusercontent.com/heranmane/label_studio_images/main/images_yr4/2020/2481963405430200.png,
2020,https://raw.githubusercontent.com/heranmane/label_studio_images/main/images_yr4/2020/2485522238260246.png,Your destination will be on your right.
2020,https://raw.githubusercontent.com/heranmane/label_studio_images/main/images_yr4/2020/2489229751202555.png,"So, scUM fans are NOT handling their latest bowl loss well! On the heels of yet ANOTHER blowout loss to OSU, It Seems... while slurping down CLEMSON like a ""Breaking bad"" Meth whore, desperate for her next fix.. they forgot about their inevitable A** Whooping that was surely coming from BAMA! ğŸ¤¦ğŸ¿â€â™‚ï¸ Delusion will do that.. It took a minute.. but BAMA actually made adjustments and Hairball did NOT ğŸ¤·ğŸ¾â€â™‚ï¸ Anyway, enjoy the wolverqueen tears! It will be the last of the season, unless another key player enters the transfer portal or something ğŸ˜‚ I'll be sure to collect those tears as well #GoBlew"
2020,https://raw.githubusercontent.com/heranmane/label_studio_images/main/images_yr4/2020/2489591018023242.png,"We want to thank everybody that made this possible for FDDR What a way to start 2020, THANK YOU VERY MUCH"
2020,https://raw.githubusercontent.com/heranmane/label_studio_images/main/images_yr4/2020/2501203433532972.png,"""to be calm becomes a kind of revolutionary act"""
2020,https://raw.githubusercontent.com/heranmane/label_studio_images/main/images_yr4/2020/2510531972540475.png,"Hello Januaryâ€¦.Hello New Decade! Itâ€™s time to gear up and get ready for one of the most powerful months of the last several decades. With a ton of goal driven Capricorn energy in play, itâ€™s going to serve us well to start making plans for the future. A lot possibilities will be coming into play helping us manifest our vision and begin building new initiativesâ€¦. brick by brick. Important headlines will also be coming onto the scene. These will come on a personal and global scale. The grand finale of Saturn and Plutoâ€™s major collision will take place alongside a high energy = emotional Cancer Lunar Eclipse. Decisions will be necessary of what needs to stay â€¦ and what needs to go. With Mercury, the planet of communications, adding to the mix we can expect to see and hear all sorts of information as these radical shifts finally ramp up. By late January, a nice dose of Aquarius energy will come onto the scene and help us form new ideas into our next. Outside of the box solutions will be cropping up to help us embrace all our new shifts. Karmic twists of fate will also play part of the mix. Much of what is happening will be beyond our control but necessary in helping to take us into where we need to go next. Karmic contracts of the past are looking to be broken and rebuilds into our deepest drawbacks are looking to happen. Itâ€™s radical, life changing and necessary to the new blooms looking to grow. Crystal B Astrology www.crystalbastrology.com:=:https://crystalbastrology.com/"
2020,https://raw.githubusercontent.com/heranmane/label_studio_images/main/images_yr4/2020/2513841262160781.png,I fuck phenomenally.
2020,https://raw.githubusercontent.com/heranmane/label_studio_images/main/images_yr4/2020/2516242408628943.png,"Sisters, daughters, mothers, aunties, friends, Cousins, Africa women & Girls Black women and girls. We need to gather, checkin in and see other Please join us on Thursday, May 7 at 4pm pst and 7pm est. please join us register. This is world wide from North America to Europe to The Americas, Africa and beyond. We are for it the Woman and girl is well we all will be will"
2020,https://raw.githubusercontent.com/heranmane/label_studio_images/main/images_yr4/2020/2524882707724191.png,Ajax
2020,https://raw.githubusercontent.com/heranmane/label_studio_images/main/images_yr4/2020/2530815963714107.png,â€ªFar left wing reporter sides with a terrorist leader.â€¬
2020,https://raw.githubusercontent.com/heranmane/label_studio_images/main/images_yr4/2020/2532151363723213.png,"Repost from @hsfphotos- Phase I of the 2020-2021 HSF Scholarship Application opens today, January 1st, and is due February 15th, at 5:00 PM PT! No essays or recommendations are required for Phase I. â£ â£ Visit HSF.net/scholarship for more info, including eligibility requirements and application details. Visit HSF.net/student for frequently asked questions.â£ â£ If you do not meet the criteria to apply for an HSF Scholarship because you are a High School junior (Class of 2021) or younger, create a MyHSF Profile as a â€œStudent,â€ and look out for other HSF programs!"
2020,https://raw.githubusercontent.com/heranmane/label_studio_images/main/images_yr4/2020/2540113139641048.png,#KAG2020 #KAG #MAGA2020 #MAGA Image source: Jews For Trump.
2020,https://raw.githubusercontent.com/heranmane/label_studio_images/main/images_yr4/2020/2577136822322660.png,"Anything else that you would like to add to the list, feminists? [Image description: Twitter screenshot from Strange Attractor @tristanreveur Text reads: ""Make the 2020s Roar Like the1920s â€¢ Build networks to subvert unjust laws â€¢ Uplift black artists â€¢ Challenge gender norms â€¢ Embrace your sexuality â€¢ Go to a drag show â€¢ Form queer enclaves â€¢ Fight the KKK and whitesupremacy â€¢ Talk to the dead â€¢ Be gav, do crimes.""] -B"
2020,https://raw.githubusercontent.com/heranmane/label_studio_images/main/images_yr4/2020/2582136025245761.png,SHARE! âœŒğŸ’œğŸ˜ƒ
2020,https://raw.githubusercontent.com/heranmane/label_studio_images/main/images_yr4/2020/2584291178316100.png,Thankfully they are doing their best to improve the gene pool...
2020,https://raw.githubusercontent.com/heranmane/label_studio_images/main/images_yr4/2020/2588276397875499.png,"On #NewYearsDay and every day, we are committed to empowering our community to speak out and work to shape the policies that impact our lives and our families! #RJresolutions"
2020,https://raw.githubusercontent.com/heranmane/label_studio_images/main/images_yr4/2020/2593784557401402.png,"ICYMI: Japan's Pro Wrestling FREEDOMS comes to the USA for the 1st time on Saturday, April 4th at 8pm at The Cuban Club in Ybor City as part of The Collective! Tickets on Sale FRI (1/3) at NOON EST at: FreedomsUSA.Eventbrite.com More details coming soon..."
2020,https://raw.githubusercontent.com/heranmane/label_studio_images/main/images_yr4/2020/2594735033907126.png,"Remembering with respect and admiration former NBA Commissioner #DavidStern, featured in the #GenesisPrize video â€œJews in Sportsâ€ for his profound impact on basketball and professional sports. http://bit.ly/JewsInSportsbyGPF"
2020,https://raw.githubusercontent.com/heranmane/label_studio_images/main/images_yr4/2020/2595271900526140.png,"Yea, fuck the founders. ğŸ–•ğŸ¾"
2020,https://raw.githubusercontent.com/heranmane/label_studio_images/main/images_yr4/2020/2598758140345705.png,And they need to be kept out of office everywhere!
2020,https://raw.githubusercontent.com/heranmane/label_studio_images/main/images_yr4/2020/2604620206484748.png,"""jUsT tAx & reGuLaTe iT!"""
2020,https://raw.githubusercontent.com/heranmane/label_studio_images/main/images_yr4/2020/2611503179095090.png,Good morning!!! Educational Friday... SPANISH people are only from Spain...
2020,https://raw.githubusercontent.com/heranmane/label_studio_images/main/images_yr4/2020/2612522815644976.png,"HAPPY NEW YEAR! 2020, weâ€™re ready to get to work! ICYMI, hereâ€™s a summary of our 2019 Year in Review. Best wishes for the New Year, and MIMA is looking forward to working for & with YOU!"
2020,https://raw.githubusercontent.com/heranmane/label_studio_images/main/images_yr4/2020/2618409008195893.png,"Setting the facts straight . . . Thanks, John Fugelsang"
2020,https://raw.githubusercontent.com/heranmane/label_studio_images/main/images_yr4/2020/2625814994161948.png,"ğŸ“š Are you looking for a Quran and Islamic studies program for your children that meets during the week? ğŸ“š âœï¸ Look no further, as JMC is excited to announce our AFTER SCHOOL QURâ€™AN & ISLAMIC STUDIES school! âœï¸ All boys and girls ages 6-14 are welcome! Classes will take place from 5 PM to 7 PM on Monday to Thursday. A variety of topics will be taught, including âœ”ï¸Islamic history âœ”ï¸ Quran recitation âœ”ï¸ Seerah (life of the Prophet peace be upon him) âœ”ï¸ Adab (Islamic etiquette) and MORE! Tuition will be $80/MONTH and classes will begin on JANUARY 6th, inshallah. For more information, please contact Jamaica Muslim Center: ğŸ“ (718) 739-3182 | (646) 886-3494 ğŸ•Œ 85-37 JMC Way, Jamaica, NY 11432"
2020,https://raw.githubusercontent.com/heranmane/label_studio_images/main/images_yr4/2020/2627983924104210.png,1st show of the 2020 drops in two weeks with special guest Alkatraz Nario to discuss why Latinos who helped create and support Hip Hop don't currently play a bigger part in the culture. Join Dyami Moragne aka Hip Hop Old Head and Sim Kapone for a new season of An Honest Conversation about Hip Hop starting January 18th. subscribe and get the pod directly to your device http://anhonestconversationabouthiphop.libsyn.com:=:https://anhonestconversationabouthiphop.libsyn.com/
2020,https://raw.githubusercontent.com/heranmane/label_studio_images/main/images_yr4/2020/2628270100727650.png,Make this happen! ğŸ™Œ
2020,https://raw.githubusercontent.com/heranmane/label_studio_images/main/images_yr4/2020/2629215587127585.png,"This week is National Cheese Lover's Week and a great opportunity to try our Cheese Queso at Javier's Mexican Grill, 1414 Main Street in downtown Chipley. Authentic Mexican cuisine, served in style with a smile, at reasonable prices. Just a mile from I-10 at Exit 120, right next door to WestPoint Home Bed & Bath Outlet."
2020,https://raw.githubusercontent.com/heranmane/label_studio_images/main/images_yr4/2020/2629809743735450.png,"Stick with it! Fasting opens the door to the supernatural. some facts about fasting! Moses Fasted Before Receiving the Commandments â€“ Deuteronomy 9:9-18 Esther Fasted for the Safety of the Jews â€“ Esther 4:15-17 Daniel Fasted for an Answer to Prayer â€“ Daniel 10:1-3 Jesus Fasted Before Temptation by Satan â€“ Matthew 4:1-2 Paul Fasted After His Conversion â€“ Acts 9:1-9 Church Elders in Antioch Fasted Before Sending out Missionaries â€“ Acts 13:1-3 The Fast of Jehoshaphat and Judah 2 Chronicles 20 1-30 Nineveh fasted (Jonah) saved a whole town Fasting Leads to Greater Intimacy We deny our carnal nature in order to fulfill the desires of God. What He wills for our lives can be found through fasting and prayer. Our spirit and soul experiences joy because of fasting. Itâ€™s a decision to momentarily die to our flesh to fulfill the greater things of a mighty God who seeks us. We Surrender Our Comfort to Gain Spiritual Clarity Opens Our Hearts to Spiritual Revival Prayer and Fasting Breaks Satanic Strongholds When the Jesusâ€™s disciples were unable to deliver a young boy of an evil spirit, Jesus told them, â€œThis kind cannot come out, except by prayer,â€ (see Mark 9:29). Praying while fasting positions us victoriously. When you fast, pray more, read the word more, intake of the world less (anything negative, etcâ€¦..) Fasting without intake of the word and prayer is a glorified diet. Fasting and prayer unlocks the supernatural"
2020,https://raw.githubusercontent.com/heranmane/label_studio_images/main/images_yr4/2020/2631719393579981.png,"Daily Pledge and Prayer for the United State of America. ""I pledge allegiance to the Flag of the United States of America, and to the Republic for which it stands, one Nation under God, indivisible, with liberty and justice for all."" Creator of Heaven and Earth, we come before you and ask for you forgiveness for the many things we have let slip. We ask for you to reunite the citizens of this nation, For we are One Nation under you God. You established this nation on your word and have covered it with your mercy and grace. We humble ourselves to you and will always be a Christian nation under your guidance and your wings. We praise you and thank you in Jesus's name Amen."
2020,https://raw.githubusercontent.com/heranmane/label_studio_images/main/images_yr4/2020/2633432680058583.png,"216 years ago today - a great day for liberty - even if it was soon a good bit undermined by external forces, and a little later by internal forces as well -> ""The Haitian Declaration of Independence, 1804 The Commander in Chief to the People of Hayti Citizens, It is not enough to have expelled the barbarians who have bloodied our land for two centuries; it is not enough to have restrained those ever-evolving factions that one after another mocked the specter of liberty that France dangled before you. We must, with one last act of national authority, forever assure the empire of liberty in the country of our birth; we must take any hope of re-enslaving us away from the inhuman government that for so long kept us in the most humiliating torpor. In the end we must live independent or die. Independence or deathâ€¦ may these sacred words bind us and be the signal for battle and our reunion. Citizens, my countrymen, on this solemn day I have brought together those courageous soldiers who, as liberty lay dying, spilled their blood to save it; these generals who have guided your efforts against tyranny have not yet done enough for your happiness; the French name still haunts our land. Everything revives the memories of the cruelties by this barbarous people: our laws, our habits, our towns, everything still carries the stamp of the French. Indeed! There are still French in our island, and you believe yourself free and independent of that Republic which, it is true, has fought all the nations, but which has never defeated those who wanted to be free. What! Victims of our own credulity and indulgence for 14 years; defeated not by French armies, but by the pathetic eloquence of their agentsâ€™ proclamations; when will we tire of breathing the air they breathe? What do we have in common with this nation of executioners? The difference between its cruelty and our patient moderation, its color and ours the great seas that separate us, our avenging climate, all tell us plainly that they are not our brothers, that they never will be, and that if they find refuge among us, they will plot again to trouble and divide us. Native citizens, men, women, girls, and children, let your gaze extend on all parts of this island: look there for your spouses, your husbands, your brothers, your sisters. Indeed! Look there for your children, your suckling infants, what have they become?â€¦ I shudder to say it â€¦ the prey of these vultures. Instead of these dear victims, your alarmed gaze will see only their assassins, these tigers still dripping with their blood, whose terrible presence indicts your lack of feeling and your guilty slowness in avenging them. What are you waiting for before appeasing their spirits? Remember that you had wanted your remains to rest next to those of your fathers, after you defeated tyranny; will you descend into their tombs without having avenged them? No! Their bones would reject yours. And you, precious men, intrepid generals, who, without concern for your own pain, have revived liberty by shedding all your blood, know that you have done nothing if you do not give the nations a terrible, but just example of the vengeance that must be wrought by a people proud to have recovered its liberty and jealous to maintain it let us frighten all those who would dare try to take it from us again; let us begin with the French. Let them tremble when they approach our coast, if not from the memory of those cruelties they perpetrated here, then from the terrible resolution that we will have made to put to death anyone born French whose profane foot soils the land of liberty. We have dared to be free, let us be thus by ourselves and for ourselves. Let us imitate the grown child: his own weight breaks the boundary that has become an obstacle to him. What people fought for us? What people wanted to gather the fruits of our labor? And what dishonorable absurdity to conquer in order to be enslaved. Enslaved?â€¦ Let us leave this description for the French; they have conquered but are no longer free. Let us walk down another path; let us imitate those people who, extending their concern into the future, and dreading to leave an example of cowardice for posterity, preferred to be exterminated rather than lose their place as one of the worldâ€™s free peoples. Let us ensure, however, that a missionary spirit does not destroy our work; let us allow our neighbors to breathe in peace; may they live quietly under the laws that they have made for themselves, and let us not, as revolutionary firebrands, declare ourselves the lawgivers of the Caribbean, nor let our glory consist in troubling the peace of the neighboring islands. Unlike that which we inhabit, theirs has not been drenched in the innocent blood of its inhabitants; they have no vengeance to claim from the authority that protects them. Fortunate to have never known the ideals that have destroyed us, they can only have good wishes for our prosperity. Peace to our neighbors; (truncated)"
2020,https://raw.githubusercontent.com/heranmane/label_studio_images/main/images_yr4/2020/2636693846384638.png,Four Teams One winner Which Team Would it be Some Knowledge no Prep Team One Black Widow Angel Worthy Thor Team Two The Trinity Team Three Big Barda Black Canary Shazam Team Four Black Bolt WW Hulk Punisher #mvdc Kallark
2020,https://raw.githubusercontent.com/heranmane/label_studio_images/main/images_yr4/2020/2640644309303973.png,The more you knowâ€¦
2020,https://raw.githubusercontent.com/heranmane/label_studio_images/main/images_yr4/2020/2650573768383971.png,â€œWe have a right to liveâ€ #KAG Donald J. Trump ğŸ‡ºğŸ‡¸ https://twitter.com/charliekirk11/status/1212555122888171521?s=21
2020,https://raw.githubusercontent.com/heranmane/label_studio_images/main/images_yr4/2020/2650758111857259.png,The only people opposed to this are #terrorists
2020,https://raw.githubusercontent.com/heranmane/label_studio_images/main/images_yr4/2020/2652084214838737.png,(R)
2020,https://raw.githubusercontent.com/heranmane/label_studio_images/main/images_yr4/2020/2653630964696973.png,"Welcome to 2020! Our branches are closed today, but we will see you tomorrow for normal business hours as we ring in the new year!"
2020,https://raw.githubusercontent.com/heranmane/label_studio_images/main/images_yr4/2020/2653684668034767.png,"Veganuary is off to a remarkable start, our first ever cooking class filled up in just one day! Not to worry, if youâ€™re interested in learning how to prepare ethical and delicious food Michael Barootjian of Party Animals Catering will definitely be back! Stay tuned for details on the next class and enjoy starting your culinary journey or expanding your knowledge of vegan cooking ğŸŒ¶ğŸ’šğŸœğŸ’šğŸ° #vegancatering #veganfood #veganfoodlovers #peacebeginsonyourplate #hudsonvalleyvegans #veganuary"
2020,https://raw.githubusercontent.com/heranmane/label_studio_images/main/images_yr4/2020/2657805037634782.png,TONIGHT LIVE SHOW~ DISCUSSION 9:00 pm east. CLICK URL BELOW: https://www.youtube.com/channel/UCq8hRT0mVms5B7kTpz9KdWg?view_as=subscriber posted by Kim
2020,https://raw.githubusercontent.com/heranmane/label_studio_images/main/images_yr4/2020/2659168400966670.png,"When President Kennedy was assassinated by his own political group, it was the start of what is happening today in our country. Do you really want to continue here? They truly have lost it and have shown the American people who are willing to open their eyes and see exactly how destructive and hate filled they are."
2020,https://raw.githubusercontent.com/heranmane/label_studio_images/main/images_yr4/2020/2664326563613637.png,Happy New Year! Here are some of my New Yearâ€™s resolutions for 2020.
2020,https://raw.githubusercontent.com/heranmane/label_studio_images/main/images_yr4/2020/2667724803322535.png,Self-help? Parenting? Christian living? Tell us what kind of nonfiction books you're looking forward to reading this year!
2020,https://raw.githubusercontent.com/heranmane/label_studio_images/main/images_yr4/2020/2669148553161979.png,"Jewish National Fund has a lot to celebrate this year, thanks to all of our generous donors. Want to make a big impact in Israel in 2020? Join us at jnf.org/jnfuture:=:https://www.jnf.org/menu-2/ways-to-help/jnfuture . #happynewyear #poweredbyJNF #jnfuture #jnfusa #yourvoiceinisrael #israel #positivelyisrael #lovegrowsinisrael #supportisrael #jewishphilanthropy #jewishyoungprofessionals #livejewishly #givejewishly #jewishleadership"
2020,https://raw.githubusercontent.com/heranmane/label_studio_images/main/images_yr4/2020/2672427642832794.png,"As we step into the New Year, we are grateful for the partnerships and progress that 2019 brought, and ready to continue working towards a more equitable and just world for all. We know that through education and direct investment, we can create sustainable and successful communities. Happy New Year from all of us at Native Americans in Philanthropyâ€”we are wishing you peace, joy, and the warmth of community in 2020."
2020,https://raw.githubusercontent.com/heranmane/label_studio_images/main/images_yr4/2020/2675896105829824.png,Get Busy!!
2020,https://raw.githubusercontent.com/heranmane/label_studio_images/main/images_yr4/2020/2680686905479095.png,Right! Sick of this!
2020,https://raw.githubusercontent.com/heranmane/label_studio_images/main/images_yr4/2020/2681628781875960.png,Donna Welch - Let's Meat on the Avenue. Yummy!!!!
2020,https://raw.githubusercontent.com/heranmane/label_studio_images/main/images_yr4/2020/2688590347884069.png,"Bernie is an utterly unacceptable candidate, and it will be a tragedy if the Democrats nominate him"
2020,https://raw.githubusercontent.com/heranmane/label_studio_images/main/images_yr4/2020/2691937290873544.png,The Priorities of Young People Vary Widely by Race and Ethnicity (Race Relations) Source: PRRI / MTV 2017 National Youth Survey (https://www.prri.org/research/mtv-culture-and-religion/)
2020,https://raw.githubusercontent.com/heranmane/label_studio_images/main/images_yr4/2020/2693905264010861.png,"Here's what we added to our collection this week: *** http://wowbrary.org/nu.aspx?fb&p=954-73 *** There are four new bestsellers, 172 new children's books, and 104 other new books, including one that is available online. The new bestsellers this week include ""Star Wars: The Rise of Skywalker: The Visual Dictionary,"" ""Olive Kitteridge: Fiction,"" and ""Golden in Death: An Eve Dallas Novel."""
2020,https://raw.githubusercontent.com/heranmane/label_studio_images/main/images_yr4/2020/2698884847054869.png,Great thoughts on the church today....
2020,https://raw.githubusercontent.com/heranmane/label_studio_images/main/images_yr4/2020/2714554018591147.png,"so we got this message a few days ago.....being givien away at a Chinese restaurant in Iuka, Mississippi ğŸ¤·ğŸ¼â€â™€ï¸ğŸ¤¦ğŸ¼â€â™€ï¸......they need names, Iâ€™m thinking something Chinese, Fried Rice? ğŸ˜„ welcome to MAR little boy & little girl...I am so glad we got you & you are safe......#baitdogs #adoptdontshop #rescue #rescuedogsofinstagram #rescuedog #shepherdmix #merceranimalrescue @ Iuka, Mississippi"
2020,https://raw.githubusercontent.com/heranmane/label_studio_images/main/images_yr4/2020/2714666275282225.png,"The first day of 2020 should be a warm one. High temperatures today, despite the expansive snowfield, should reach into the 30s for most of us."
2020,https://raw.githubusercontent.com/heranmane/label_studio_images/main/images_yr4/2020/2717272281859923.png,Failures in policy have long lasting consequences.
2020,https://raw.githubusercontent.com/heranmane/label_studio_images/main/images_yr4/2020/2724807540941385.png,"If you are saved, you are SEALED by the Holy Spirit ğŸ’–ğŸ’œğŸ§¡ğŸ’›ğŸ’šğŸ’™ğŸ’—"
2020,https://raw.githubusercontent.com/heranmane/label_studio_images/main/images_yr4/2020/2737740492958144.png,Save the date for this presentation at Redford Township District Library
2020,https://raw.githubusercontent.com/heranmane/label_studio_images/main/images_yr4/2020/2742774702426061.png,"â£â£After seeing a lack of people of color on her world travels, this first-generation American, Ashley_Milani created a safe space for minority travelers to expand their horizons. MelaninOnTheMap serves as a one stop shop of inspiration, information and affordable travel opportunity geared towards the travel enthusiast. â € â € App features include: â€¢First hand accounts of the minority travel experience â € â€¢ Curated travel experiences from a team of certified travel agents â €â € â€¢ Shows travel enthusiasts how to turn their passion for travel into a paycheck as a travel agentâ €â € â€¢ Affordable vacation packagesâ € â€¢Monthly vacation giveawaysâ € â€¢ Travel Merch â €â € â €â € && More !! The FREE app is available in all iOS apple and Google Play Android app stores âœˆâ¤âœˆ Download today ! . . . . . #blacksuccess #blacknews #successfulblackwomen #happynews #positiveblackimages #positivenews #positiveblacknews #blackgirlhair #reparations #blackgirlboss #blackmendontcheat #blackmenrock #blackmenstyle #blackmentalhealth #blackentrepreneurs #blackempowerment #blacksuccesstoday #blacksuccess #basketballwives #newyearsoutfit #travel #blacktravelfeed"
2020,https://raw.githubusercontent.com/heranmane/label_studio_images/main/images_yr4/2020/2747714971952657.png,Scholarship opportunity-
2020,https://raw.githubusercontent.com/heranmane/label_studio_images/main/images_yr4/2020/2750461555013848.png,"It's 2020! Because we love the message in this poem so much, we're sharing it again. May we all have a happy year in a better world."
2020,https://raw.githubusercontent.com/heranmane/label_studio_images/main/images_yr4/2020/2752194351485344.png,New recorded classes on the Obligations Upon the Youth. Order your workbook by visiting our site https://www.albinaapublishing.com/our-books-amazon ğŸ‘‡ğŸ¾following our recorded classes https://www.albinaa4kids.com/obligations-upon-the-youth-classes https://twitter.com/albinaa4kids/status/1212407464815136768?s=21
2020,https://raw.githubusercontent.com/heranmane/label_studio_images/main/images_yr4/2020/2757021011012736.png,I just watched the evening news. OMG. This Iraq embassy story is utter bullshit! DO NOT FORGET THIS STATEMENT FROM GEN WESLEY CLARK. IRAN IS ON THE FUCKING LIST. #WarIsARacket
2020,https://raw.githubusercontent.com/heranmane/label_studio_images/main/images_yr4/2020/2768483606523510.png,HELLO JANUARY! JANUARY DAYS & DATESâ€¦ 1/1 â— NEW YEARâ€™S DAY 1/20 â— MARTIN LUTHER KING DAY 1/25 â— CHINESE NEW YEAR JANUARY ISâ€¦ â— NATIONAL EYE CARE MONTH â— NATIONAL VOLUNTEER BLOOD DONOR MONTH â— NATIONAL HOBBY MONTH â— NATIONAL BATH SAFETY MONTH â— NATIONAL BRAILLE LITERACY MONTH
2020,https://raw.githubusercontent.com/heranmane/label_studio_images/main/images_yr4/2020/2772404306131713.png,"Look for increasing clouds around the region tonight. Skies will be mostly cloudy Thursday, in advance of a weak weather system moving into the Northern Plains. Light snow will develop on Friday, with mainly less than an inch expected. Otherwise high temperatures will be slightly above normal heading into the weekend."
2020,https://raw.githubusercontent.com/heranmane/label_studio_images/main/images_yr4/2020/2773327826082428.png,What an IDIOT.
2020,https://raw.githubusercontent.com/heranmane/label_studio_images/main/images_yr4/2020/2776422982445786.png,The left has such a double standard!
2020,https://raw.githubusercontent.com/heranmane/label_studio_images/main/images_yr4/2020/2788031551235831.png,Ramones performed on New Years Eve in 1979- see the setlist!
2020,https://raw.githubusercontent.com/heranmane/label_studio_images/main/images_yr4/2020/2788794661228515.png,Perspective~Nancy~
2020,https://raw.githubusercontent.com/heranmane/label_studio_images/main/images_yr4/2020/2789597011098147.png,"6th Herat International Women's Film Festival #CALL_FOR_ENTRIES We are now accepting submissions for our 2020 edition The Secretariat of the 6thedition of the Heart International Womenâ€™s Film Festival requests filmmakers to send in short or long feature and documentary films the main theme of which should be concerned with women-related issues for the one-week Festival to be held as of August 2020 in Afghanistan. The regular deadline for submitting the films to the Secretariat is from January 1, 2020 till 1 of March 2020. Please visit our official website for more information and to download the ENTRY FORM & REGULATIONS www.hiwff.com:=:https://hiwff.com/ You can also submit your film via our FilmFreeway online platform: https://filmfreeway.com/HeratInternationalWomensFilmFestival"
2020,https://raw.githubusercontent.com/heranmane/label_studio_images/main/images_yr4/2020/2796832410355168.png,"Itâ€™s not only the start of a new year, but also the start of a new decade. Letâ€™s learn, experience, and make 2020 the best year of your life! #StudyInIndia #newyear2020 #Admizz #AdmissionwithEase"
2020,https://raw.githubusercontent.com/heranmane/label_studio_images/main/images_yr4/2020/2798298793561522.png,Pastor Hale is back in January and we canâ€™t wait.
2020,https://raw.githubusercontent.com/heranmane/label_studio_images/main/images_yr4/2020/2803378076389668.png,"The United Indian Nations of Oklahoma Kansas and Texas released a statement that they are in agreement and stand with the Cherokee, Chickasaw, and Choctaw Nations in their lawsuit against Gov. Kevin Stitt over Oklahomaâ€™s Class III gaming compacts."
2020,https://raw.githubusercontent.com/heranmane/label_studio_images/main/images_yr4/2020/2807498842850046.png,Truth
2020,https://raw.githubusercontent.com/heranmane/label_studio_images/main/images_yr4/2020/2809523492441775.png,Register ğŸŒ®â¤ï¸â¤ï¸â¤ï¸â¤ï¸â¤ï¸â¤ï¸
2020,https://raw.githubusercontent.com/heranmane/label_studio_images/main/images_yr4/2020/2814574505240648.png,Happy New Year! A new day and a new decade! What is the new habit that you are building? . . . . . . . . #misspandachinese #happynewyear2020
2020,https://raw.githubusercontent.com/heranmane/label_studio_images/main/images_yr4/2020/2827001704182492.png,The fact that Facebook's fact(less) checkers think this is false lends some real credence to the story.
2020,https://raw.githubusercontent.com/heranmane/label_studio_images/main/images_yr4/2020/2829171140439451.png,Our team at YWCA Spokane wishes you and your loved ones a safe and joyous transition into the new year. Thank you so very much for all you do today and each day moving forward. We look forward to 2020 with you!ğŸ§¡
2020,https://raw.githubusercontent.com/heranmane/label_studio_images/main/images_yr4/2020/2848022018632590.png,Church today 10:45am & 5pm
2020,https://raw.githubusercontent.com/heranmane/label_studio_images/main/images_yr4/2020/2851139434922521.png,"Weâ€™re grateful to appear in The Nationâ€™s holiday giving guide, which accurately states that, â€œThe terrible situation at the border with Mexico is perhaps the greatest shame of our country today.â€ To read our statement on the Remain in Mexico policy, by which asylum seekers are barred from entering the US despite passing credible fear tests, click here: https://firrp.org/florence-condemns-the-expansion-of-remain-in-mexico-to-tucson/"
2020,https://raw.githubusercontent.com/heranmane/label_studio_images/main/images_yr4/2020/2854521451490377.png,I;m for this!
2020,https://raw.githubusercontent.com/heranmane/label_studio_images/main/images_yr4/2020/2854990954546340.png,"On this day in 1892, Ellis Island opens as a U.S. immigration inspection station - it would go on to be the gateway to the U.S. for more than 12 million people Make sure to follow us on Instagram: https://www.instagram.com/nation_of_change/?hl=en #OnThisDay #EllisIsland USImmigration #activist #activism #HumanRights #humanity #justice #progress #politics"
2020,https://raw.githubusercontent.com/heranmane/label_studio_images/main/images_yr4/2020/2860279134010101.png,Place orders anytime! Iâ€™ll be starting to make orders next week for cake pops as well as these! Feel free to message me for all your events coming up. MESSAGE TO DISCUSS PICK UP AND ORDER. Please do not post orders or questions in comments.
2020,https://raw.githubusercontent.com/heranmane/label_studio_images/main/images_yr4/2020/2865351226913184.png,ğŸ™ŒğŸ™ŒğŸ¤©ğŸ¤©ğŸ’¯ True story! ğŸ’ªğŸ’ªğŸ’œ
2020,https://raw.githubusercontent.com/heranmane/label_studio_images/main/images_yr4/2020/2867496956646122.png,"What, indeed?"
2020,https://raw.githubusercontent.com/heranmane/label_studio_images/main/images_yr4/2020/2871600322892403.png,"9:10 PM Radar: A light, but cold rain is coming down with temperatures holding in the middle to upper 30s. The rain should wrap up by midnight. Temperatures will slip under the freezing mark later, so be prepared for some icy areas to form Thursday morning as a result."
2020,https://raw.githubusercontent.com/heranmane/label_studio_images/main/images_yr4/2020/2879731369017368.png,page love
2020,https://raw.githubusercontent.com/heranmane/label_studio_images/main/images_yr4/2020/2887716208114117.png,BEST BELIEVE I WOULD SAY SOMETHING!!!!!
2020,https://raw.githubusercontent.com/heranmane/label_studio_images/main/images_yr4/2020/290082205772676.png,"During our conversation with Bishop John Reid on civil rights, he mentioned the existence of sundown towns. The following link provides more context on their location."
2020,https://raw.githubusercontent.com/heranmane/label_studio_images/main/images_yr4/2020/2921144831242913.png,Cloud cover for NC parts of Nebraska this morning. Increasing cloud cover will continue throughout the day with a slight chance of sleet and flurries for some tonight and into the overnight hours.
2020,https://raw.githubusercontent.com/heranmane/label_studio_images/main/images_yr4/2020/2924262777607055.png,"Just a few of our Presidentâ€™s accomplishments from a year ago! Letâ€™s see what Donald J. Trump gets done in the last year of his first term, second term coming up!â¤ï¸ #TRUMP2020âœ… #LEADRIGHTğŸ‘ Myles Holmes MinistriesğŸ”¥"
2020,https://raw.githubusercontent.com/heranmane/label_studio_images/main/images_yr4/2020/2924294687590450.png,"Well, it's Facebook official. #NAHREP2020 #Top250 NOMINATIONS ARE NOW OPEN! Help Latino leaders in the real estate industry get the recognition they deserve by nominating yourself and/or a colleague for NAHREPâ€™s 2020 Top 250 Latino Agent or Latino Mortgage Originator award. Check out the FAQ and submit your nomination today! Don't waitâ€”nominate yourself or someone who deserves to be celebrated from now until February 28. http://bit.ly/34899ws"
2020,https://raw.githubusercontent.com/heranmane/label_studio_images/main/images_yr4/2020/2936615743035947.png,Hello CRRES peeps! This workshop might be of interest to some of you. Check it out!
2020,https://raw.githubusercontent.com/heranmane/label_studio_images/main/images_yr4/2020/2946454395422149.png,"Gots to let yous know.....still time left, about a week, for our Yankee Candle fundraiser. Save 75% on select items wif a percentage of sales goin to Safe and Sound Sanctuary. Use group #999995592. https://www.yankeecandlefundraising.com/mobshop.htm#altHome"
2020,https://raw.githubusercontent.com/heranmane/label_studio_images/main/images_yr4/2020/2953420268036577.png,"Today kicks off Human Trafficking Awareness Month and we hope you will join us in raising awareness by wearing blue on January 11th ğŸ’™ For more information on the events going on this month, please visit www.famres.org/calendar/events/human-trafficking-awareness-month:=:https://www.famres.org/calendar/events/human-trafficking-awareness-month"
2020,https://raw.githubusercontent.com/heranmane/label_studio_images/main/images_yr4/2020/2956012941097388.png,Wishing you the best this 2020 #happynewyear
2020,https://raw.githubusercontent.com/heranmane/label_studio_images/main/images_yr4/2020/2962669840409981.png,Das allğŸ‘ğŸ¿ğŸ‘ğŸ¿ğŸ‘ğŸ¿ğŸ‘ğŸ¿ğŸ†ğŸ†ğŸ†ğŸ†ğŸ†ğŸ”®ğŸ”®ğŸ’ğŸ’ğŸ’ğŸ’ğŸ¾ğŸ’ğŸ¾ğŸ™ŒğŸ½ğŸ˜­ğŸ˜­ğŸ˜¬ğŸ˜¬
2020,https://raw.githubusercontent.com/heranmane/label_studio_images/main/images_yr4/2020/2963711063659539.png,Try a free class.
2020,https://raw.githubusercontent.com/heranmane/label_studio_images/main/images_yr4/2020/2974803462555417.png,"""Cool Cats of the Day"" -- cats love to hunt and fish. Hunting for fascist assholes is easy on the internet. Fishing for them is apparently pretty easy, too. Thanks for the praxis, comrades. #CoolCatsOfTheDay #ExposeRacists"
2020,https://raw.githubusercontent.com/heranmane/label_studio_images/main/images_yr4/2020/2979622602062211.png,OOOOoooOOOhhh!! This is one of my favorites!
2020,https://raw.githubusercontent.com/heranmane/label_studio_images/main/images_yr4/2020/2990301507735057.png,"there are several juneteenth celebrations happening in chicago and across america, some online. please make an effort to celebrate and contemplate as a sign of solidarity."
2020,https://raw.githubusercontent.com/heranmane/label_studio_images/main/images_yr4/2020/2996342047093778.png,"If you want to have better health for your family and yourself, you should check out The Black Family Health-O-Pedia!!!!! www.BlackFamilyHealth.com:=:https://theflavorstore.xyz/collections/books/products/the-black-family-health-o-pedia?variant=31364319674450 Link in the bio"
2020,https://raw.githubusercontent.com/heranmane/label_studio_images/main/images_yr4/2020/3000537473359959.png,I mean seriouslyâ€” what machine did he think they were raging against? Damn that dishwasher for leaving water spots on my clean cups! ğŸ¤£ğŸ¤£ğŸ¤£ -Dana
2020,https://raw.githubusercontent.com/heranmane/label_studio_images/main/images_yr4/2020/3009350832410970.png,Donald Trump continues the Presidential tradition. The Deep State is still winning.
2020,https://raw.githubusercontent.com/heranmane/label_studio_images/main/images_yr4/2020/3023486301063509.png,Signs of the times.
2020,https://raw.githubusercontent.com/heranmane/label_studio_images/main/images_yr4/2020/3028614480704397.png,It's up to you. It's up to us. We the People will stand together in solidarity to demand a more just and moral society âœŠâœŠâœŠ
2020,https://raw.githubusercontent.com/heranmane/label_studio_images/main/images_yr4/2020/3028616227172086.png,Kurapika is the baddest mofo.
2020,https://raw.githubusercontent.com/heranmane/label_studio_images/main/images_yr4/2020/3029882120436875.png,Define 'projection' ~Kyle
2020,https://raw.githubusercontent.com/heranmane/label_studio_images/main/images_yr4/2020/3033210463442417.png,"And for the Record MOAB is Jordan and Ammon is southern Palestine! Stop following the false breakdowns of the gentiles from these 'organizations' #1OOO In the top photo; the modern Asians of today, the middle picture: a Wedding Party in Seoul 1900 and @ the bottom Ancient Dinka & Khoi-San Tribes... Japheth (a.k.a. Aboriginal Europeans) were BLACK, and pushed eastward by conquest. Sound familiar? #1OOO Da TRUE Yasharahla #Elephant_in_the_Room Jasher 90:8, 30-31 [8] And the children of CHITTIM (Japheth) ruled over EDOM, and EDOM became under the hand of the children of CHITTIM (Japheth) and became ONE KINGDOM from that day... [30] He then heard that EDOM had revolted from under the hand of CHITTIM,(Japheth) and Latinus went to them and smote them and subdued them, and placed them under the hand of the children of CHITTIM,(Japheth) and EDOM BECAME ONE KINGDOM WITH THE CHILDREN OF CHITTIM (Japheth) ALL THE DAYS. [31] And for many years there was no king in EDOM, AND THEIR GOVERNMENT was with the CHILDREN OF CHITTIM (Japheth) and their king."
2020,https://raw.githubusercontent.com/heranmane/label_studio_images/main/images_yr4/2020/3034526843227201.png,"Big thanks to Krissy Vanderwoude for including both Silver Bars & Blushing on her 2 hour ""Best of 2019"" radio show ""Drowned in a Sea of Sound"" - on DKFM Shoegaze Radio."
2020,https://raw.githubusercontent.com/heranmane/label_studio_images/main/images_yr4/2020/3035224173154931.png,Here are our upcoming events for January. You can also find these listed on our website https://www.landmarkbaptistsc.com/events-2
2020,https://raw.githubusercontent.com/heranmane/label_studio_images/main/images_yr4/2020/3035456109820441.png,Great work by the Ungroup Society in Waterbury to make this happen....
2020,https://raw.githubusercontent.com/heranmane/label_studio_images/main/images_yr4/2020/3038178112877499.png,Until people learn that Jesus wasn't American... wasn't white... wasn't a protestant or catholic... We'll be trapped in the lies of those who should know better.
2020,https://raw.githubusercontent.com/heranmane/label_studio_images/main/images_yr4/2020/3045697015549984.png,Wow. Snap! ~Jack
2020,https://raw.githubusercontent.com/heranmane/label_studio_images/main/images_yr4/2020/3050598988285918.png,"( Raising children in Islam 5 ) The Prophet ( PBUH ) said, { Order your kids to pray at the age of seven years, and hit them (without harm) for (insisting to miss) it at the age of ten, and separate them in beds }. Narrated by Abu Dawood."
2020,https://raw.githubusercontent.com/heranmane/label_studio_images/main/images_yr4/2020/3063878460307009.png,American crimes against humanity: poured into the very foundation of the USA. revcom.us/avakian:=:https://revcom.us/avakian/
2020,https://raw.githubusercontent.com/heranmane/label_studio_images/main/images_yr4/2020/3067943826620198.png,"Seriously? Isn't Congress supposed to represent ALL the people, not just Republicans?"
2020,https://raw.githubusercontent.com/heranmane/label_studio_images/main/images_yr4/2020/3085957541427740.png,"Calling all women. Join this powerful group of strong and committed women who want to be part of the change the world needs now. It starts at 10am pacific with these 3 deep, committed indigenous women. I have the honor of speaking at 3:30pm pacific on Saturday about the 21st Century heroine's journey. So many more amazing creative women from around the world. t's free to help us be more free. Hope to have you join us."
2020,https://raw.githubusercontent.com/heranmane/label_studio_images/main/images_yr4/2020/3086602798034561.png,"Happy New Year, go get your calendars! ğŸ˜… #goodbye2019 #hello2020"
2020,https://raw.githubusercontent.com/heranmane/label_studio_images/main/images_yr4/2020/3087314987958662.png,Listen to the wisdom of indigenous women elders.
2020,https://raw.githubusercontent.com/heranmane/label_studio_images/main/images_yr4/2020/3103294169699642.png,"UPDATE: Daisy has been found at Springfield Animal Control and will be going home tomorrow. â€Samantha Lyn My dog escaped from our backyard Tuesday around 1pm. She didn't have her collar on close to Mercy hospital- Cherokee/national, Springfield. Her name is Daisy, call 417-370-2134. Thanks. We miss her."
