year,image,text
2018,https://raw.githubusercontent.com/heranmane/label_studio_images/main/images_yr4/2018/1009701415864992.png,Not sure if Churchill said this or not but it is so true!
2018,https://raw.githubusercontent.com/heranmane/label_studio_images/main/images_yr4/2018/10154843029181403.png,Happy New Year Everyone!
2018,https://raw.githubusercontent.com/heranmane/label_studio_images/main/images_yr4/2018/10154942904377016.png,"Tonight, January 10th at 7PM in Central Coast California: Screening of ""The Bail Trap"" and a discussion with Barry Price and Sari Dworkin of Bend the Arc: A Jewish Partnership for Justice. Please join if you can!"
2018,https://raw.githubusercontent.com/heranmane/label_studio_images/main/images_yr4/2018/10154999626687513.png,"When Haley ran for Governor several years ago, her opponent started the rumor that she was a slut, cheater, hooker, you name it. She was slandered so many ways by the Left just because of her gender. She won, and here we are years later watching her shine."
2018,https://raw.githubusercontent.com/heranmane/label_studio_images/main/images_yr4/2018/10155035044680896.png,January 4th ‚Äì Two things happened on January 1st in California: 1) Recreational pot use became legal. & 2) It officially declared itself to be a ‚Äúsanctuary state.‚Äù So some creative pranksters decided to respond by attaching these second signs at the state border. (below) P
2018,https://raw.githubusercontent.com/heranmane/label_studio_images/main/images_yr4/2018/10155098696502541.png,"August 2017: ""I want to thank Steve Bannon for his service."" January 2018: ""When (Steve Bannon) was fired, he not only lost his job, he lost his mind."" Life comes at you fast: http://nydn.us/2CwQMqt"
2018,https://raw.githubusercontent.com/heranmane/label_studio_images/main/images_yr4/2018/10155147881130841.png,"Nice try, Joe."
2018,https://raw.githubusercontent.com/heranmane/label_studio_images/main/images_yr4/2018/10155174230155841.png,"Respect. This is how it's done people. Imagine how this woman, and others like her, feel when people run across our border and start demanding citizenship and free goodies from the US government."
2018,https://raw.githubusercontent.com/heranmane/label_studio_images/main/images_yr4/2018/10155235765207066.png,It's a new year with an exciting new tour. All the NEWSBOYS UNITED tour dates are on SALE NOW!! Anyone get tickets for Christmas? Newsboys.com
2018,https://raw.githubusercontent.com/heranmane/label_studio_images/main/images_yr4/2018/10155270920071275.png,(S)
2018,https://raw.githubusercontent.com/heranmane/label_studio_images/main/images_yr4/2018/10155273383871275.png,(S)
2018,https://raw.githubusercontent.com/heranmane/label_studio_images/main/images_yr4/2018/10155298585886275.png,(S)
2018,https://raw.githubusercontent.com/heranmane/label_studio_images/main/images_yr4/2018/10155346341034366.png,
2018,https://raw.githubusercontent.com/heranmane/label_studio_images/main/images_yr4/2018/10155348179974366.png,
2018,https://raw.githubusercontent.com/heranmane/label_studio_images/main/images_yr4/2018/10155350832654366.png,
2018,https://raw.githubusercontent.com/heranmane/label_studio_images/main/images_yr4/2018/10155351189414366.png,This...ALL OF THIS!!!
2018,https://raw.githubusercontent.com/heranmane/label_studio_images/main/images_yr4/2018/10155353999979366.png,
2018,https://raw.githubusercontent.com/heranmane/label_studio_images/main/images_yr4/2018/10155359153502756.png,"Today, we honor the life of Dr. Martin Luther King, Jr. Here's how you can honor his legacy today>>https://buff.ly/2DiXujW"
2018,https://raw.githubusercontent.com/heranmane/label_studio_images/main/images_yr4/2018/10155371344084366.png,
2018,https://raw.githubusercontent.com/heranmane/label_studio_images/main/images_yr4/2018/10155492033103477.png,What do you think of President Trump's tweet about North Korea? MORE: http://cbsloc.al/2qcEfU5
2018,https://raw.githubusercontent.com/heranmane/label_studio_images/main/images_yr4/2018/10155558410020855.png,Lest we forget the facts...
2018,https://raw.githubusercontent.com/heranmane/label_studio_images/main/images_yr4/2018/10155600836624213.png,"Dear Donald Trump,"
2018,https://raw.githubusercontent.com/heranmane/label_studio_images/main/images_yr4/2018/10155607800157532.png,
2018,https://raw.githubusercontent.com/heranmane/label_studio_images/main/images_yr4/2018/10155655039016998.png,Don't let a little rain ruin your meal.
2018,https://raw.githubusercontent.com/heranmane/label_studio_images/main/images_yr4/2018/10155767505065289.png,"A little laugh for the Trackers who follow our page and for team members who have been around MSAR 1,2 or 4 while track training"
2018,https://raw.githubusercontent.com/heranmane/label_studio_images/main/images_yr4/2018/10155769697615664.png,"Please show your support to our dear friend and colleague, Iyad Burnat, as his family awaits the next decisions regarding their son, Abdul-Khaliq. #FreeChildPrisoners"
2018,https://raw.githubusercontent.com/heranmane/label_studio_images/main/images_yr4/2018/10155939000659814.png,An important reminder as we go in to 2018!
2018,https://raw.githubusercontent.com/heranmane/label_studio_images/main/images_yr4/2018/10156008276804921.png,ü§î
2018,https://raw.githubusercontent.com/heranmane/label_studio_images/main/images_yr4/2018/10156021966338150.png,Thoughts and prayers.
2018,https://raw.githubusercontent.com/heranmane/label_studio_images/main/images_yr4/2018/10156034466371252.png,This Is Fine. What Could Go Wrong. Nothing To See Here.
2018,https://raw.githubusercontent.com/heranmane/label_studio_images/main/images_yr4/2018/10156056330298410.png,Not. Fit. To. Be. President. https://www.vox.com/2017/11/30/16517022/impeachment-donald-trump
2018,https://raw.githubusercontent.com/heranmane/label_studio_images/main/images_yr4/2018/10156145564371000.png,Amen. safpaw.org
2018,https://raw.githubusercontent.com/heranmane/label_studio_images/main/images_yr4/2018/10156156013263958.png,
2018,https://raw.githubusercontent.com/heranmane/label_studio_images/main/images_yr4/2018/10156372013994305.png,
2018,https://raw.githubusercontent.com/heranmane/label_studio_images/main/images_yr4/2018/10156499087446336.png,"On ""Sunday Morning Futures with Maria Bartiromo,"" Sen. Thom Tillis slammed Democrats who have changed their tune radically on immigration in just the last few years. http://bit.ly/2qAvfsb"
2018,https://raw.githubusercontent.com/heranmane/label_studio_images/main/images_yr4/2018/10156521967631419.png,I don't know how yal know....but yeah! üòÇüòÇ #MyStar1053
2018,https://raw.githubusercontent.com/heranmane/label_studio_images/main/images_yr4/2018/10156966192054992.png,"Seems pretty clear what's going on. When you take a stand for justice against a separate, unequal, apartheid structure you are severely punished. Graphic by The Palestine Project"
2018,https://raw.githubusercontent.com/heranmane/label_studio_images/main/images_yr4/2018/10157055772875968.png,Share if you agree: #TrumpRepublicans - they are all racists. #Resist
2018,https://raw.githubusercontent.com/heranmane/label_studio_images/main/images_yr4/2018/10157090182193222.png,
2018,https://raw.githubusercontent.com/heranmane/label_studio_images/main/images_yr4/2018/10157443193859815.png,How did everyone wake up today? üòÇ
2018,https://raw.githubusercontent.com/heranmane/label_studio_images/main/images_yr4/2018/10157452824234815.png,The struggle üò≠
2018,https://raw.githubusercontent.com/heranmane/label_studio_images/main/images_yr4/2018/10158151420549569.png,"Thanksgiving Eve 7 PM, Meditations on the Book of Ruth, traditional and non-traditional hymns of the season, the Great Thanksgiving, in a sanctuary built 320 years ago by immigrants. Let us love one another!"
2018,https://raw.githubusercontent.com/heranmane/label_studio_images/main/images_yr4/2018/10159792344355483.png,
2018,https://raw.githubusercontent.com/heranmane/label_studio_images/main/images_yr4/2018/10159957782755604.png,#atheist #secular #gods
2018,https://raw.githubusercontent.com/heranmane/label_studio_images/main/images_yr4/2018/10159991359075314.png,New Record Low for Sioux City this morning of -28¬∞! That's the 5th coldest temperature ever recorded in Sioux City and the lowest temperature since January 1970. siouxlandproud.com/weather/
2018,https://raw.githubusercontent.com/heranmane/label_studio_images/main/images_yr4/2018/10160073599200724.png,We are already living the consequences.
2018,https://raw.githubusercontent.com/heranmane/label_studio_images/main/images_yr4/2018/10160420330375725.png,"As I made very clear, our country needs the security of the Wall on the Southern Border, which must be part of any DACA approval."
2018,https://raw.githubusercontent.com/heranmane/label_studio_images/main/images_yr4/2018/1048830471922748.png,
2018,https://raw.githubusercontent.com/heranmane/label_studio_images/main/images_yr4/2018/1063504947123187.png,Unreal.
2018,https://raw.githubusercontent.com/heranmane/label_studio_images/main/images_yr4/2018/1079128305562358.png,
2018,https://raw.githubusercontent.com/heranmane/label_studio_images/main/images_yr4/2018/1114756325381608.png,"LOL!!! So many superstitions growing up. Don‚Äôt stick your chopsticks in your rice, you are wishing someone to die..don‚Äôt use your left hand, it‚Äôs the devils hand...don‚Äôt whistle at night, a ghost will come to you üòÇüòÇ"
2018,https://raw.githubusercontent.com/heranmane/label_studio_images/main/images_yr4/2018/1142670609235789.png,Woah...
2018,https://raw.githubusercontent.com/heranmane/label_studio_images/main/images_yr4/2018/1151050511692828.png,
2018,https://raw.githubusercontent.com/heranmane/label_studio_images/main/images_yr4/2018/1157807694356830.png,MONDAYS
2018,https://raw.githubusercontent.com/heranmane/label_studio_images/main/images_yr4/2018/1165287390274970.png,
2018,https://raw.githubusercontent.com/heranmane/label_studio_images/main/images_yr4/2018/1207724569364652.png,Agreed
2018,https://raw.githubusercontent.com/heranmane/label_studio_images/main/images_yr4/2018/1233136526830565.png,Who agrees?
2018,https://raw.githubusercontent.com/heranmane/label_studio_images/main/images_yr4/2018/1233862253425103.png,
2018,https://raw.githubusercontent.com/heranmane/label_studio_images/main/images_yr4/2018/1234378653373019.png,Is she right?
2018,https://raw.githubusercontent.com/heranmane/label_studio_images/main/images_yr4/2018/1249896258444134.png,What else would you throw out?
2018,https://raw.githubusercontent.com/heranmane/label_studio_images/main/images_yr4/2018/1250988198334940.png,Laundry system for kids.
2018,https://raw.githubusercontent.com/heranmane/label_studio_images/main/images_yr4/2018/1306605626152148.png,
2018,https://raw.githubusercontent.com/heranmane/label_studio_images/main/images_yr4/2018/1354078824696094.png,LOL
2018,https://raw.githubusercontent.com/heranmane/label_studio_images/main/images_yr4/2018/1411393572315907.png,What in the fuck is this??????
2018,https://raw.githubusercontent.com/heranmane/label_studio_images/main/images_yr4/2018/1416740168454351.png,"#FreeAbdulKhaliqBurat 17-years-old, whose family is subject of Academy-Award Nominated Film, ""5 Broken Cameras."" Iyad Burnat: After 24 days of 'investigations' and detention at the Ofer Military Prison,the Zionist Occupation Forces have finally revealed a list of 17 'charges' against my son, Abdul-Khaliq, 17 year‚Äôs old. The Ofer Military Court then adjourned until next Wednesday. #FreeChildPrisoners #BDS #ApartheidIsrael"
2018,https://raw.githubusercontent.com/heranmane/label_studio_images/main/images_yr4/2018/1424930214299616.png,
2018,https://raw.githubusercontent.com/heranmane/label_studio_images/main/images_yr4/2018/1426429690818109.png,
2018,https://raw.githubusercontent.com/heranmane/label_studio_images/main/images_yr4/2018/1436158276512283.png,"Today is World Day of Peace. Pope Francis' message for the 2018 World Day of Peace is Migrants and Refugee: Men and Women in Search of Peace. ""In a spirit of compassion,"" he said, ""let us embrace all those fleeing from war and hunger or forced by discrimination, persecution, poverty and environmental degradation to leave their homelands."" Photo by Adarsh Kummur, Unsplash"
2018,https://raw.githubusercontent.com/heranmane/label_studio_images/main/images_yr4/2018/1460527890722675.png,Hardcore Calabrese
2018,https://raw.githubusercontent.com/heranmane/label_studio_images/main/images_yr4/2018/1466217526810906.png,Who else feels this way?
2018,https://raw.githubusercontent.com/heranmane/label_studio_images/main/images_yr4/2018/1470992382998360.png,Y'all too much üòÇ
2018,https://raw.githubusercontent.com/heranmane/label_studio_images/main/images_yr4/2018/1474438552653743.png,Otha way around üòÇ
2018,https://raw.githubusercontent.com/heranmane/label_studio_images/main/images_yr4/2018/1479325935499652.png,
2018,https://raw.githubusercontent.com/heranmane/label_studio_images/main/images_yr4/2018/1480172988748280.png,
2018,https://raw.githubusercontent.com/heranmane/label_studio_images/main/images_yr4/2018/1482048415227404.png,
2018,https://raw.githubusercontent.com/heranmane/label_studio_images/main/images_yr4/2018/1482670695163862.png,That's Facts üòÇ ü¶à
2018,https://raw.githubusercontent.com/heranmane/label_studio_images/main/images_yr4/2018/1482673271830271.png,What was home boy thinking?üòÇ
2018,https://raw.githubusercontent.com/heranmane/label_studio_images/main/images_yr4/2018/1485846061464034.png,Time to start planning
2018,https://raw.githubusercontent.com/heranmane/label_studio_images/main/images_yr4/2018/1499820473472660.png,"The long term consequences of terrible parenting know no bounds. If you aren‚Äôt parenting well, ask for help."
2018,https://raw.githubusercontent.com/heranmane/label_studio_images/main/images_yr4/2018/1509695039151479.png,Join us at Coffee Hour this morning at LaunchPad Children's Museum...
2018,https://raw.githubusercontent.com/heranmane/label_studio_images/main/images_yr4/2018/1514181755301855.png,
2018,https://raw.githubusercontent.com/heranmane/label_studio_images/main/images_yr4/2018/1514191905375485.png,
2018,https://raw.githubusercontent.com/heranmane/label_studio_images/main/images_yr4/2018/1518264958268776.png,Community control of the police now!
2018,https://raw.githubusercontent.com/heranmane/label_studio_images/main/images_yr4/2018/1527196684062986.png,
2018,https://raw.githubusercontent.com/heranmane/label_studio_images/main/images_yr4/2018/1528118870577135.png,One step to making things better would be universal healthcare. Sign here to help: https://actionsprout.io/F8A867:=:https://www.actionsprout.com/F8A867
2018,https://raw.githubusercontent.com/heranmane/label_studio_images/main/images_yr4/2018/1529524003796636.png,Immediate Job Opening at Diocesan Migrant & Refugee Services
2018,https://raw.githubusercontent.com/heranmane/label_studio_images/main/images_yr4/2018/1534025649986457.png,Don't you want Congress to deny Trump's demand for $18 billion to build his stupid wall?
2018,https://raw.githubusercontent.com/heranmane/label_studio_images/main/images_yr4/2018/1535223303200025.png,"Want to ban this dangerous chemical, before it's too late? Sign this: https://actionsprout.io/E93AE5:=:https://www.actionsprout.com/E93AE5"
2018,https://raw.githubusercontent.com/heranmane/label_studio_images/main/images_yr4/2018/1537399906348077.png,Just about covers it...
2018,https://raw.githubusercontent.com/heranmane/label_studio_images/main/images_yr4/2018/1540268959362126.png,Are you fed up with Trump's racism? Sign this: https://actionsprout.io/BB9ABC:=:https://www.actionsprout.com/BB9ABC
2018,https://raw.githubusercontent.com/heranmane/label_studio_images/main/images_yr4/2018/1540280339360988.png,Are you fed up with having this raving bigot as a president? Sign this: https://actionsprout.io/BB9ABC:=:https://www.actionsprout.com/BB9ABC
2018,https://raw.githubusercontent.com/heranmane/label_studio_images/main/images_yr4/2018/1540836999394195.png,"You don't have to still the carols, though. :-)"
2018,https://raw.githubusercontent.com/heranmane/label_studio_images/main/images_yr4/2018/1543424432379912.png,Don't you agree with President JFK?
2018,https://raw.githubusercontent.com/heranmane/label_studio_images/main/images_yr4/2018/1543553295765169.png,The 25th Amendment does not apply... The 25th Amendment does not apply... The 25th Amendment does not apply... The 25th Amendment does not apply...
2018,https://raw.githubusercontent.com/heranmane/label_studio_images/main/images_yr4/2018/1543776625678026.png,"Listen up, Trump fans - it's time we had a heart to heart..."
2018,https://raw.githubusercontent.com/heranmane/label_studio_images/main/images_yr4/2018/1543874439001578.png,Is this hypocrisy disgusting or what?
2018,https://raw.githubusercontent.com/heranmane/label_studio_images/main/images_yr4/2018/1544243068964107.png,
2018,https://raw.githubusercontent.com/heranmane/label_studio_images/main/images_yr4/2018/1546177622144907.png,Laundry day looks like this.
2018,https://raw.githubusercontent.com/heranmane/label_studio_images/main/images_yr4/2018/1546942758676517.png,
2018,https://raw.githubusercontent.com/heranmane/label_studio_images/main/images_yr4/2018/1547738128635439.png,
2018,https://raw.githubusercontent.com/heranmane/label_studio_images/main/images_yr4/2018/1552720241475015.png,1 gotta go!!! Big Ced #flyguywiththebowties Ced
2018,https://raw.githubusercontent.com/heranmane/label_studio_images/main/images_yr4/2018/1553571061423738.png,#LongestJourney #HeadToHeart üíñ‚ú®üíÉ Margaret Life's a Dance #LifesaDance #Margaret_B_Moss #WUVIP
2018,https://raw.githubusercontent.com/heranmane/label_studio_images/main/images_yr4/2018/1557592204339728.png,Ali was something. A baaaaaad man.
2018,https://raw.githubusercontent.com/heranmane/label_studio_images/main/images_yr4/2018/1560376067343109.png,I'm embarrassed to be an American every day that this idiot remains in office. ~ Amy R
2018,https://raw.githubusercontent.com/heranmane/label_studio_images/main/images_yr4/2018/1561171277264297.png,
2018,https://raw.githubusercontent.com/heranmane/label_studio_images/main/images_yr4/2018/1561677043880387.png,
2018,https://raw.githubusercontent.com/heranmane/label_studio_images/main/images_yr4/2018/1561980970553971.png,
2018,https://raw.githubusercontent.com/heranmane/label_studio_images/main/images_yr4/2018/1562352363813662.png,"Grow food and grass, yeah, the medicinal one. #permaculture #motherjoneslives #systemchange"
2018,https://raw.githubusercontent.com/heranmane/label_studio_images/main/images_yr4/2018/1567243820069190.png,This is appalling!
2018,https://raw.githubusercontent.com/heranmane/label_studio_images/main/images_yr4/2018/1567243823402523.png,
2018,https://raw.githubusercontent.com/heranmane/label_studio_images/main/images_yr4/2018/1571151576337806.png,TODAY is the day! #TIMESUP #WhyWeWearBlack Times Up Now
2018,https://raw.githubusercontent.com/heranmane/label_studio_images/main/images_yr4/2018/1572241502824558.png,Brrrrrr
2018,https://raw.githubusercontent.com/heranmane/label_studio_images/main/images_yr4/2018/1574545749249194.png,
2018,https://raw.githubusercontent.com/heranmane/label_studio_images/main/images_yr4/2018/1576483395769470.png,It's go time. You in?
2018,https://raw.githubusercontent.com/heranmane/label_studio_images/main/images_yr4/2018/1579177052136115.png,"Cool Ranch, not private prisons! (Bryan)"
2018,https://raw.githubusercontent.com/heranmane/label_studio_images/main/images_yr4/2018/158592014765961.png,California's newest addition.
2018,https://raw.githubusercontent.com/heranmane/label_studio_images/main/images_yr4/2018/1591000587634534.png,"Elizabeth Warren rebukes Trump with Tweet that says. ""I believe in science and global warming is real"". Really Pocahontas? I guess you DONT believe in genealogy!"
2018,https://raw.githubusercontent.com/heranmane/label_studio_images/main/images_yr4/2018/1593172880776230.png,"Donald J. Trump: ""North Korean Leaders Kim Jung Un just stated the ""Nuclear Button is on his desk at all times."" Will someone from his depleted and food starved regime please inform him that I too have a Nuclear Button, but it is much bigger & more powerful one than his, and my Button works!"" U.S. Democratic Soc.: (responding to Trump) ""This is what your government looks like on Dementia."""
2018,https://raw.githubusercontent.com/heranmane/label_studio_images/main/images_yr4/2018/1593331830748802.png,
2018,https://raw.githubusercontent.com/heranmane/label_studio_images/main/images_yr4/2018/1594267827333289.png,
2018,https://raw.githubusercontent.com/heranmane/label_studio_images/main/images_yr4/2018/1603071313121272.png,This may be a good system to implement.
2018,https://raw.githubusercontent.com/heranmane/label_studio_images/main/images_yr4/2018/1603555599724237.png,
2018,https://raw.githubusercontent.com/heranmane/label_studio_images/main/images_yr4/2018/1605551949493676.png,
2018,https://raw.githubusercontent.com/heranmane/label_studio_images/main/images_yr4/2018/1610116695750268.png,This
2018,https://raw.githubusercontent.com/heranmane/label_studio_images/main/images_yr4/2018/1616119031757350.png,#GOP #POS
2018,https://raw.githubusercontent.com/heranmane/label_studio_images/main/images_yr4/2018/1622186601153324.png,So true!
2018,https://raw.githubusercontent.com/heranmane/label_studio_images/main/images_yr4/2018/1624773400948498.png,"This is true. It is how the dandelion became an enemy. It is how lead toxic artificial turf got popular. It is how bee populations became dangerously low. It is how Monsanto, sells you Round Up, the most damaging and widely used pesticide on our planet."
2018,https://raw.githubusercontent.com/heranmane/label_studio_images/main/images_yr4/2018/1628724793874382.png,
2018,https://raw.githubusercontent.com/heranmane/label_studio_images/main/images_yr4/2018/1632589503456428.png,
2018,https://raw.githubusercontent.com/heranmane/label_studio_images/main/images_yr4/2018/1634677369948596.png,
2018,https://raw.githubusercontent.com/heranmane/label_studio_images/main/images_yr4/2018/1635349703214696.png,
2018,https://raw.githubusercontent.com/heranmane/label_studio_images/main/images_yr4/2018/1638873956150729.png,This sh*t tho...
2018,https://raw.githubusercontent.com/heranmane/label_studio_images/main/images_yr4/2018/1638995449472661.png,
2018,https://raw.githubusercontent.com/heranmane/label_studio_images/main/images_yr4/2018/1644779275588925.png,
2018,https://raw.githubusercontent.com/heranmane/label_studio_images/main/images_yr4/2018/1645838002125750.png,
2018,https://raw.githubusercontent.com/heranmane/label_studio_images/main/images_yr4/2018/1645971038774751.png,
2018,https://raw.githubusercontent.com/heranmane/label_studio_images/main/images_yr4/2018/1648527651860790.png,"North America - we can't wait to start our party again with you! Tell you friends, family and co-workers, tickets are available at pmjtour.com"
2018,https://raw.githubusercontent.com/heranmane/label_studio_images/main/images_yr4/2018/1650195691669901.png,
2018,https://raw.githubusercontent.com/heranmane/label_studio_images/main/images_yr4/2018/1651457328266789.png,Did y‚Äôall know ?
2018,https://raw.githubusercontent.com/heranmane/label_studio_images/main/images_yr4/2018/1653461548084394.png,
2018,https://raw.githubusercontent.com/heranmane/label_studio_images/main/images_yr4/2018/1657520374268252.png,"Learn more about Motorcycle Rights Organizations & support your local MRO. Every state has an MRO. Yours NEEDS your support. Among the AZ Rider Motorcycle News advertisers is the organization Abate of Arizona. ABATE representatives can answer your questions about what an MRO does and why you should support one. 480-256-9237 http://www.abateofaz.org/ https://www.facebook.com/AbateofAZ #AZRiderSW Visit the Abate of Arizona booth at Motorcycles on Main - Bike Night in Downtown Mesa THIS Friday January 5, 2018."
2018,https://raw.githubusercontent.com/heranmane/label_studio_images/main/images_yr4/2018/1658563777519805.png,"Is this the kind of ""progress"" we want? üëâhttp://l.prageru.com/2zNqwUW"
2018,https://raw.githubusercontent.com/heranmane/label_studio_images/main/images_yr4/2018/1658770037495151.png,Take a look at these coldest wind chills over the past 24 hours!
2018,https://raw.githubusercontent.com/heranmane/label_studio_images/main/images_yr4/2018/1665042090256693.png,
2018,https://raw.githubusercontent.com/heranmane/label_studio_images/main/images_yr4/2018/1678653915513614.png,
2018,https://raw.githubusercontent.com/heranmane/label_studio_images/main/images_yr4/2018/1680373035354872.png,"ADOPTED IF INTERESTED IN ADOPTING, PLEASE CALL 860-757-4395 Please leave your name, number, dog ID number and a message and someone will call to set an appointment."
2018,https://raw.githubusercontent.com/heranmane/label_studio_images/main/images_yr4/2018/1681483988580007.png,
2018,https://raw.githubusercontent.com/heranmane/label_studio_images/main/images_yr4/2018/168417060432593.png,Accurate
2018,https://raw.githubusercontent.com/heranmane/label_studio_images/main/images_yr4/2018/1684515371610202.png,
2018,https://raw.githubusercontent.com/heranmane/label_studio_images/main/images_yr4/2018/1685142118198127.png,
2018,https://raw.githubusercontent.com/heranmane/label_studio_images/main/images_yr4/2018/1709761215747233.png,"By 2-to-1 margin, likely midterm voters agree with President Trump -- Congress must end Chain Migration AND The Visa Lottery in any legislation that legalizes DACA recipients - Full Poll Results HERE: https://www.numbersusa.com/blog/poll-most-voters-agree-trump-end-chain-migration-reduce-overall-immigration"
2018,https://raw.githubusercontent.com/heranmane/label_studio_images/main/images_yr4/2018/1717220245001330.png,
2018,https://raw.githubusercontent.com/heranmane/label_studio_images/main/images_yr4/2018/1726881040711508.png,
2018,https://raw.githubusercontent.com/heranmane/label_studio_images/main/images_yr4/2018/1735169063212256.png,"Fitting, yes? Image from The Idealist."
2018,https://raw.githubusercontent.com/heranmane/label_studio_images/main/images_yr4/2018/1738059022905149.png,Perfectly said.
2018,https://raw.githubusercontent.com/heranmane/label_studio_images/main/images_yr4/2018/1738289212945737.png,Pond Scum~Nancy~
2018,https://raw.githubusercontent.com/heranmane/label_studio_images/main/images_yr4/2018/1742177645833622.png,
2018,https://raw.githubusercontent.com/heranmane/label_studio_images/main/images_yr4/2018/1745376685487233.png,Where TRUTH goes to die ...
2018,https://raw.githubusercontent.com/heranmane/label_studio_images/main/images_yr4/2018/1750905128294977.png,#DiversityDay #TheOffice #MichaelScott
2018,https://raw.githubusercontent.com/heranmane/label_studio_images/main/images_yr4/2018/1752105228248908.png,Truth
2018,https://raw.githubusercontent.com/heranmane/label_studio_images/main/images_yr4/2018/1755119364522148.png,
2018,https://raw.githubusercontent.com/heranmane/label_studio_images/main/images_yr4/2018/1760258357375254.png,Bernie says what everyone is thinking.
2018,https://raw.githubusercontent.com/heranmane/label_studio_images/main/images_yr4/2018/1761535527247537.png,Right? Our grandkids won't believe us.
2018,https://raw.githubusercontent.com/heranmane/label_studio_images/main/images_yr4/2018/1763408967023508.png,"It is time for a rebirth of the cottage industry from the ground up. Where we rebuild neighborhoods, and become the local leaders of our own developing sustainable economy. In the coming years, it will be harder and harder to take these steps. We need a sustainable transition NOW. And it will never come from corporations or politicians, but it will come from you! Dan De Lion www.returntonature.us:=:http://returntonature.us/"
2018,https://raw.githubusercontent.com/heranmane/label_studio_images/main/images_yr4/2018/1764447780285498.png,My son is the worst with this!!
2018,https://raw.githubusercontent.com/heranmane/label_studio_images/main/images_yr4/2018/176466279619679.png,Trains&shitüí©
2018,https://raw.githubusercontent.com/heranmane/label_studio_images/main/images_yr4/2018/1770090009730089.png,
2018,https://raw.githubusercontent.com/heranmane/label_studio_images/main/images_yr4/2018/1771665002904693.png,We all know a Jewish liberal that tried to win a Trump argument by analogizing Hitler. Simply disgusting.
2018,https://raw.githubusercontent.com/heranmane/label_studio_images/main/images_yr4/2018/1772984636102626.png,News you can use.
2018,https://raw.githubusercontent.com/heranmane/label_studio_images/main/images_yr4/2018/1775657232736008.png,
2018,https://raw.githubusercontent.com/heranmane/label_studio_images/main/images_yr4/2018/1775873046040187.png,"We at Parchment and Plastic are far less disgusting and disappointing than Vellum and Vinyl. We might be terrible, but we damn sure aren't okay with Nazi shit (or transphobic/homophobic shit which they're also great at)."
2018,https://raw.githubusercontent.com/heranmane/label_studio_images/main/images_yr4/2018/1777292415648400.png,Thanks Berlice #miamitalk
2018,https://raw.githubusercontent.com/heranmane/label_studio_images/main/images_yr4/2018/1778639275577397.png,~Nancy~
2018,https://raw.githubusercontent.com/heranmane/label_studio_images/main/images_yr4/2018/1781851305220999.png,Pray for the nations.
2018,https://raw.githubusercontent.com/heranmane/label_studio_images/main/images_yr4/2018/1784014435226713.png,
2018,https://raw.githubusercontent.com/heranmane/label_studio_images/main/images_yr4/2018/1787554744611091.png,
2018,https://raw.githubusercontent.com/heranmane/label_studio_images/main/images_yr4/2018/1787565757951344.png,
2018,https://raw.githubusercontent.com/heranmane/label_studio_images/main/images_yr4/2018/1788266001243548.png,
2018,https://raw.githubusercontent.com/heranmane/label_studio_images/main/images_yr4/2018/1793205860699323.png,
2018,https://raw.githubusercontent.com/heranmane/label_studio_images/main/images_yr4/2018/1794000734228591.png,
2018,https://raw.githubusercontent.com/heranmane/label_studio_images/main/images_yr4/2018/1800697659971407.png,üëè
2018,https://raw.githubusercontent.com/heranmane/label_studio_images/main/images_yr4/2018/1803375856371358.png,
2018,https://raw.githubusercontent.com/heranmane/label_studio_images/main/images_yr4/2018/1806459406314555.png,
2018,https://raw.githubusercontent.com/heranmane/label_studio_images/main/images_yr4/2018/1806848862668751.png,
2018,https://raw.githubusercontent.com/heranmane/label_studio_images/main/images_yr4/2018/1807324852643125.png,
2018,https://raw.githubusercontent.com/heranmane/label_studio_images/main/images_yr4/2018/1808663239175953.png,
2018,https://raw.githubusercontent.com/heranmane/label_studio_images/main/images_yr4/2018/1809755142400096.png,
2018,https://raw.githubusercontent.com/heranmane/label_studio_images/main/images_yr4/2018/1811637652211845.png,
2018,https://raw.githubusercontent.com/heranmane/label_studio_images/main/images_yr4/2018/1815617718450816.png,"As we approach a full year with Trump in office, it's clear that he is utterly incapable of putting national security before his own ego. This, my friends, is profoundly dangerous. I would remind Republican leaders that they have an obligation to put the safety and security of the country over their loyalty to the president. But as Trump pushes the nation closer to nuclear war, they only seem interested in delivering tax cuts for their wealthy donors. What do you think?"
2018,https://raw.githubusercontent.com/heranmane/label_studio_images/main/images_yr4/2018/1822049887808104.png,She really does have some deep flaws...
2018,https://raw.githubusercontent.com/heranmane/label_studio_images/main/images_yr4/2018/1822333784475565.png,
2018,https://raw.githubusercontent.com/heranmane/label_studio_images/main/images_yr4/2018/1824358837585459.png,Historical ignorance is dangerous. Every time I hear ‚Äú3/5 of a person‚Äú I know what follows will display total ignorance as to what that really accomplished. Mark‚Äôs response is spot on.
2018,https://raw.githubusercontent.com/heranmane/label_studio_images/main/images_yr4/2018/1828062693910568.png,"We have an amazing night of fun planned for Saturday 5/5/18. That's right, Cinco De Mayo! Come try our special Authentic Mexican Menu. Open Bar seating at 5pm and call 479-785-2292 to reserve a table in the banquet dining room from 7-11pm. Good food, fun and drink specials all night long!"
2018,https://raw.githubusercontent.com/heranmane/label_studio_images/main/images_yr4/2018/1829643193715532.png,
2018,https://raw.githubusercontent.com/heranmane/label_studio_images/main/images_yr4/2018/1833584986716191.png,
2018,https://raw.githubusercontent.com/heranmane/label_studio_images/main/images_yr4/2018/1839097479475483.png,
2018,https://raw.githubusercontent.com/heranmane/label_studio_images/main/images_yr4/2018/1843209642420514.png,
2018,https://raw.githubusercontent.com/heranmane/label_studio_images/main/images_yr4/2018/1844593842241828.png,
2018,https://raw.githubusercontent.com/heranmane/label_studio_images/main/images_yr4/2018/1846697375373915.png,Frustratingly accurate. {shared from Where The Eff Is My Handbook}
2018,https://raw.githubusercontent.com/heranmane/label_studio_images/main/images_yr4/2018/1853419988016226.png,
2018,https://raw.githubusercontent.com/heranmane/label_studio_images/main/images_yr4/2018/1859968814076941.png,"If they'd let us grow edibles on the lawn instead of useless grass, that'd be great."
2018,https://raw.githubusercontent.com/heranmane/label_studio_images/main/images_yr4/2018/1865268313485881.png,"Our Cure Crew members are ‚Äúon the ground‚Äù advocates for our mission, and vital in our goal to build awareness and understanding of this disease as we drive toward a cure. Thank you to all our Cure Crew members who made 2017 a success! Want to get involved? Head to this link for more info: srfcure.org/get-involved/cure-crew-program"
2018,https://raw.githubusercontent.com/heranmane/label_studio_images/main/images_yr4/2018/1867796719964687.png,I'm in Northern California and have YET to find a place good enough hahaha.... #azbaby
2018,https://raw.githubusercontent.com/heranmane/label_studio_images/main/images_yr4/2018/1880378865337723.png,
2018,https://raw.githubusercontent.com/heranmane/label_studio_images/main/images_yr4/2018/1880406985334911.png,
2018,https://raw.githubusercontent.com/heranmane/label_studio_images/main/images_yr4/2018/1880926248605716.png,Hilariously accurate!
2018,https://raw.githubusercontent.com/heranmane/label_studio_images/main/images_yr4/2018/1881980721844204.png,
2018,https://raw.githubusercontent.com/heranmane/label_studio_images/main/images_yr4/2018/1883068901716579.png,"""As we say in Germany, if there‚Äôs a Nazi at the table and 10 other people sitting there talking to him, you got a table with 11 Nazis."" Stumbled across this last night on Twitter, and I had never heard the expression before. But it's exactly right, and it's what I think when you tell me ""I'm still friends with this racist because we need to know what they think."" You know what? We don't. They haven't thought anything ""new"" in 2,000 years. When you break bread with a Nazi, you tell them that they're a member of society. They're not. They don't deserve to be. And they should know their hatreds make them unfit to be around decent people."
2018,https://raw.githubusercontent.com/heranmane/label_studio_images/main/images_yr4/2018/1891139174243197.png,
2018,https://raw.githubusercontent.com/heranmane/label_studio_images/main/images_yr4/2018/1891865284188537.png,Be careful out there people! #StormLakePD
2018,https://raw.githubusercontent.com/heranmane/label_studio_images/main/images_yr4/2018/1893833077597700.png,Is this real life?
2018,https://raw.githubusercontent.com/heranmane/label_studio_images/main/images_yr4/2018/1905883916090890.png,Ain't it the damn truth though.
2018,https://raw.githubusercontent.com/heranmane/label_studio_images/main/images_yr4/2018/1915182828509490.png,Congratulations Marlina Jade! You have won two tickets to Bonnaroo! Please check your DMs. More tickets coming soon!
2018,https://raw.githubusercontent.com/heranmane/label_studio_images/main/images_yr4/2018/1915961958432240.png,Are we talking about penises here or are we talking about buttons?
2018,https://raw.githubusercontent.com/heranmane/label_studio_images/main/images_yr4/2018/1921758984569362.png,"Because the United States isn't a nation of immigrants: https://mronline.org/2006/05/29/stop-saying-this-is-a-nation-of-immigrants/,:=:https://mronline.org/2006/05/29/stop-saying-this-is-a-nation-of-immigrants/ http://time.com/4705179/nation-of-immigrants-problem/,:=:https://time.com/collection/coronavirus-heroes/5816805/coronavirus-front-line-workers-issue/ it's a settler colonial nation state. Arguably immigration didn't start until Irish people started fleeing here, and we know how that turned out, they willingly became part of the White Social control formation construct protective buffer zone stratum: https://www.versobooks.com/books/1039-the-invention-of-the-white-race-volume-1, https://www.barnesandnoble.com/w/how-the-irish-became-white-noel-ignatiev/1119172608.:=:https://www.barnesandnoble.com/noresults/how-the-irish-became-white-noel-ignatiev/1119172608 Furthermore it's easier for people to punch downward and scapegoat people, than it is to punch upwards, especially when they're clinging to the delusion of upward class mobility. Let's not obfuscate the matter, instead start organizing, and work towards abolishing and dismantling these systems, institutions, structures, and harmful social control constructs like ""whiteness""."
2018,https://raw.githubusercontent.com/heranmane/label_studio_images/main/images_yr4/2018/1927543893941833.png,LOVEEEE THIS!!! Sometimes you get what you deserve...
2018,https://raw.githubusercontent.com/heranmane/label_studio_images/main/images_yr4/2018/1937073889647088.png,Read it as many times as is necessary.
2018,https://raw.githubusercontent.com/heranmane/label_studio_images/main/images_yr4/2018/1937073892980421.png,
2018,https://raw.githubusercontent.com/heranmane/label_studio_images/main/images_yr4/2018/1941820249215413.png,Accurate
2018,https://raw.githubusercontent.com/heranmane/label_studio_images/main/images_yr4/2018/1950170318645368.png,
2018,https://raw.githubusercontent.com/heranmane/label_studio_images/main/images_yr4/2018/1951472558446969.png,
2018,https://raw.githubusercontent.com/heranmane/label_studio_images/main/images_yr4/2018/1956087281384501.png,
2018,https://raw.githubusercontent.com/heranmane/label_studio_images/main/images_yr4/2018/1957405104301765.png,
2018,https://raw.githubusercontent.com/heranmane/label_studio_images/main/images_yr4/2018/1958182427732641.png,Do you agree?
2018,https://raw.githubusercontent.com/heranmane/label_studio_images/main/images_yr4/2018/1958632827484373.png,
2018,https://raw.githubusercontent.com/heranmane/label_studio_images/main/images_yr4/2018/1958786374136129.png,
2018,https://raw.githubusercontent.com/heranmane/label_studio_images/main/images_yr4/2018/1960867730906766.png,
2018,https://raw.githubusercontent.com/heranmane/label_studio_images/main/images_yr4/2018/1960973747265191.png,üò©üò©üò©üò© #teamDominican
2018,https://raw.githubusercontent.com/heranmane/label_studio_images/main/images_yr4/2018/1961919134107928.png,#SolidList I think it‚Äôs accurate...
2018,https://raw.githubusercontent.com/heranmane/label_studio_images/main/images_yr4/2018/1961963230797216.png,
2018,https://raw.githubusercontent.com/heranmane/label_studio_images/main/images_yr4/2018/1965412440385711.png,Remember When Democrats Told The Truth About Illegal Immigration?! ...Would A Democrat Even Say This Today? #ExposeTheLeft Call Your Congressman & Tell Them NO AMNESTY! ‚òéÔ∏è (202) 224-3121 #NoAmnesty #BuildTheWall
2018,https://raw.githubusercontent.com/heranmane/label_studio_images/main/images_yr4/2018/1965907916756871.png,
2018,https://raw.githubusercontent.com/heranmane/label_studio_images/main/images_yr4/2018/1967788136874582.png,Which one is funnier?
2018,https://raw.githubusercontent.com/heranmane/label_studio_images/main/images_yr4/2018/1970550119651675.png,This aged well
2018,https://raw.githubusercontent.com/heranmane/label_studio_images/main/images_yr4/2018/1975291305844368.png,One of our favorite sayings: üòéüòé
2018,https://raw.githubusercontent.com/heranmane/label_studio_images/main/images_yr4/2018/1981147491901578.png,
2018,https://raw.githubusercontent.com/heranmane/label_studio_images/main/images_yr4/2018/1981255755246441.png,"This is our time church - the 2016 election gave us a reprieve of mercy with Trump being elected. Have Republican values been compromised - Yes...but we have something to work with through prayer and action! Let us be part of a ""Red Wave"" - the blood of Christ sweeping our nation. Vote righteousness of Proverns 14:34! Get out and vote!"
2018,https://raw.githubusercontent.com/heranmane/label_studio_images/main/images_yr4/2018/1984101185251175.png,
2018,https://raw.githubusercontent.com/heranmane/label_studio_images/main/images_yr4/2018/1988054211302568.png,~Nancy~
2018,https://raw.githubusercontent.com/heranmane/label_studio_images/main/images_yr4/2018/1989133044679227.png,Amen!!
2018,https://raw.githubusercontent.com/heranmane/label_studio_images/main/images_yr4/2018/1993988394189205.png,
2018,https://raw.githubusercontent.com/heranmane/label_studio_images/main/images_yr4/2018/1994498197242115.png,Today's daily cartoon by Mary Lawton
2018,https://raw.githubusercontent.com/heranmane/label_studio_images/main/images_yr4/2018/1997946293854206.png,
2018,https://raw.githubusercontent.com/heranmane/label_studio_images/main/images_yr4/2018/2002367343143872.png,Just A reminder ‚Äîstinking pile of dung And don‚Äôt forget that the NFL allowed this abuser to continue to play for them ...shame shame boycott
2018,https://raw.githubusercontent.com/heranmane/label_studio_images/main/images_yr4/2018/2002588843315797.png,"How about these new California ""sanctuary state"" highway signs?"
2018,https://raw.githubusercontent.com/heranmane/label_studio_images/main/images_yr4/2018/2005146363088398.png,"so very, very true . . . grow food, not lawns"
2018,https://raw.githubusercontent.com/heranmane/label_studio_images/main/images_yr4/2018/2009657802630519.png,Forever in our Hearts!
2018,https://raw.githubusercontent.com/heranmane/label_studio_images/main/images_yr4/2018/2010298772559905.png,#UnapologeticallyBlack #UB
2018,https://raw.githubusercontent.com/heranmane/label_studio_images/main/images_yr4/2018/2010921219223380.png,
2018,https://raw.githubusercontent.com/heranmane/label_studio_images/main/images_yr4/2018/2013222762037800.png,
2018,https://raw.githubusercontent.com/heranmane/label_studio_images/main/images_yr4/2018/2016257791921133.png,
2018,https://raw.githubusercontent.com/heranmane/label_studio_images/main/images_yr4/2018/2017185598563344.png,Facts on facts on facts!
2018,https://raw.githubusercontent.com/heranmane/label_studio_images/main/images_yr4/2018/2017474958474612.png,
2018,https://raw.githubusercontent.com/heranmane/label_studio_images/main/images_yr4/2018/2022627714434038.png,Is she right?
2018,https://raw.githubusercontent.com/heranmane/label_studio_images/main/images_yr4/2018/2022653138011347.png,
2018,https://raw.githubusercontent.com/heranmane/label_studio_images/main/images_yr4/2018/2029541757257396.png,
2018,https://raw.githubusercontent.com/heranmane/label_studio_images/main/images_yr4/2018/2051896275095060.png,Well SOMEONE's got a hang-up with their size issues‚Ä¶
2018,https://raw.githubusercontent.com/heranmane/label_studio_images/main/images_yr4/2018/2053460258025786.png,Well if this isn't disgusting I don't know what it is?
2018,https://raw.githubusercontent.com/heranmane/label_studio_images/main/images_yr4/2018/2053460264692452.png,
2018,https://raw.githubusercontent.com/heranmane/label_studio_images/main/images_yr4/2018/2065202103495893.png,Please have a good dream tonight...please have a good dream tonight...üí§ü§û
2018,https://raw.githubusercontent.com/heranmane/label_studio_images/main/images_yr4/2018/2073260606241225.png,ü§£üòÇüò≠
2018,https://raw.githubusercontent.com/heranmane/label_studio_images/main/images_yr4/2018/2077673855810761.png,
2018,https://raw.githubusercontent.com/heranmane/label_studio_images/main/images_yr4/2018/2078324289055070.png,
2018,https://raw.githubusercontent.com/heranmane/label_studio_images/main/images_yr4/2018/2092241804338956.png,
2018,https://raw.githubusercontent.com/heranmane/label_studio_images/main/images_yr4/2018/2106436042751886.png,"(Reuters) - The Keystone crude oil pipeline leak in November in rural South Dakota was nearly double the original estimate, making it one of the largest U.S. inland spills since 2010 https://www.reuters.com/article/us-transcanada-pipeline-leak/keystone-pipeline-leak-in-south-dakota-about-dou ble-previous-estimate-paper-idUSKBN1HE0T7"
2018,https://raw.githubusercontent.com/heranmane/label_studio_images/main/images_yr4/2018/2110704209015926.png,Truth!
2018,https://raw.githubusercontent.com/heranmane/label_studio_images/main/images_yr4/2018/2113245688702264.png,"Bigots are bigots, really."
2018,https://raw.githubusercontent.com/heranmane/label_studio_images/main/images_yr4/2018/2122101977823851.png,Damn ..
2018,https://raw.githubusercontent.com/heranmane/label_studio_images/main/images_yr4/2018/2132805506973030.png,ü§î‚ù§Ô∏è
2018,https://raw.githubusercontent.com/heranmane/label_studio_images/main/images_yr4/2018/2160041237344119.png,It's bricc out B üíØ
2018,https://raw.githubusercontent.com/heranmane/label_studio_images/main/images_yr4/2018/2160664357586448.png,
2018,https://raw.githubusercontent.com/heranmane/label_studio_images/main/images_yr4/2018/2160664360919781.png,‚ù§Ô∏è ‚ù§Ô∏è ‚ù§Ô∏è Yes! Let us be brothers and partners united against hatred!
2018,https://raw.githubusercontent.com/heranmane/label_studio_images/main/images_yr4/2018/2176804035676708.png,Photo of the day! Image by Danica Markovic
2018,https://raw.githubusercontent.com/heranmane/label_studio_images/main/images_yr4/2018/2187551791268599.png,And this applies to just about any relationship! Image provided by Garth Vader
2018,https://raw.githubusercontent.com/heranmane/label_studio_images/main/images_yr4/2018/2204299339581032.png,
2018,https://raw.githubusercontent.com/heranmane/label_studio_images/main/images_yr4/2018/2209209722423327.png,
2018,https://raw.githubusercontent.com/heranmane/label_studio_images/main/images_yr4/2018/2219437688082660.png,TRUTH
2018,https://raw.githubusercontent.com/heranmane/label_studio_images/main/images_yr4/2018/2224148427855775.png,Yep!
2018,https://raw.githubusercontent.com/heranmane/label_studio_images/main/images_yr4/2018/2225779004162815.png,Vote and others to vote also
2018,https://raw.githubusercontent.com/heranmane/label_studio_images/main/images_yr4/2018/2267529659944245.png,nuff said..
2018,https://raw.githubusercontent.com/heranmane/label_studio_images/main/images_yr4/2018/2326952570664897.png,A must read.
2018,https://raw.githubusercontent.com/heranmane/label_studio_images/main/images_yr4/2018/2351996511508843.png,Interesting facts. Something to ponder about? Who's doing the job deserving of these salaries? üòÆüßêü§î
2018,https://raw.githubusercontent.com/heranmane/label_studio_images/main/images_yr4/2018/2379492305414109.png,"Yes, we stand with all who are oppressed."
2018,https://raw.githubusercontent.com/heranmane/label_studio_images/main/images_yr4/2018/2492988960715564.png,Let them all in.
2018,https://raw.githubusercontent.com/heranmane/label_studio_images/main/images_yr4/2018/2545471448858903.png,Read the OP caption.
2018,https://raw.githubusercontent.com/heranmane/label_studio_images/main/images_yr4/2018/2546680935404621.png,About damn time
2018,https://raw.githubusercontent.com/heranmane/label_studio_images/main/images_yr4/2018/262713994395490.png,"Run the numbers people, and they want to bring more of them in...."
2018,https://raw.githubusercontent.com/heranmane/label_studio_images/main/images_yr4/2018/264412720892284.png,This is sad....
2018,https://raw.githubusercontent.com/heranmane/label_studio_images/main/images_yr4/2018/2673980256160525.png,Unfortunately there is not educational requirement prior to becoming a loud mouth thespian.
2018,https://raw.githubusercontent.com/heranmane/label_studio_images/main/images_yr4/2018/2673980259493858.png,
2018,https://raw.githubusercontent.com/heranmane/label_studio_images/main/images_yr4/2018/287024898619207.png,"Wow, $30 Million in helping people who lost their houses on wildfire. And, excuse me, $30 Million is defending illegal aliens. Brown should have given the whole amount to fire victims. Period."
2018,https://raw.githubusercontent.com/heranmane/label_studio_images/main/images_yr4/2018/3095375027326682.png,Yes!
2018,https://raw.githubusercontent.com/heranmane/label_studio_images/main/images_yr4/2018/324983104654081.png,ü§∑üèª‚Äç‚ôÄÔ∏èüåÆüåÆ
2018,https://raw.githubusercontent.com/heranmane/label_studio_images/main/images_yr4/2018/327568064393696.png,
2018,https://raw.githubusercontent.com/heranmane/label_studio_images/main/images_yr4/2018/328413407642495.png,
2018,https://raw.githubusercontent.com/heranmane/label_studio_images/main/images_yr4/2018/329160210901148.png,
2018,https://raw.githubusercontent.com/heranmane/label_studio_images/main/images_yr4/2018/336861383389553.png,Looks about right.
2018,https://raw.githubusercontent.com/heranmane/label_studio_images/main/images_yr4/2018/372902389801929.png,No to be missed.
2018,https://raw.githubusercontent.com/heranmane/label_studio_images/main/images_yr4/2018/372905683134933.png,January 6th 2018. Not to be missed. InshaaAllah
2018,https://raw.githubusercontent.com/heranmane/label_studio_images/main/images_yr4/2018/381993668890592.png,
