image,text
https://github.com/heranmane/label_studio_images/tree/main/twitter_data/memes/2020_batch_300/1212591368201072640g.png,"Let‚Äôs get rid of diet and exercise in 2020! Trans-slender is here, y‚Äôall. üòÇ https://t.co/IimAY8poT5"
https://github.com/heranmane/label_studio_images/tree/main/twitter_data/memes/2020_batch_300/1212983245626843137g.png,"@IlhanMN I‚Äôm sure if the President needs advice on how to steal from his campaign, marry his brother after committing immigration fraud, commits adultery, then has to PAY his new love with tax payer monies OR raise funds for terrorist groups‚Äîhe knows where you are. https://t.co/Cofpw3h0kM"
https://github.com/heranmane/label_studio_images/tree/main/twitter_data/memes/2020_batch_300/1213154099560112128g.png,"Remember when someone who will remain nameless tweeted that without starting a new conflict, Obama couldn't get reelected? Now, that SAME PERSON has set in motion what amounts to proxy war for the Saudis by killing #Suleimani , endangering the lives of countless Americans. https://t.co/JaH77aQVgI"
https://github.com/heranmane/label_studio_images/tree/main/twitter_data/memes/2020_batch_300/1213179093769834496g.png,Nigga.üòÇ https://t.co/9m5NL83lxx
https://github.com/heranmane/label_studio_images/tree/main/twitter_data/memes/2020_batch_300/1213207331892342785g.png,Finally finished this work by Nancy Isenberg and I am beyond grateful for the wealth of knowledge I learned about the history Class and Poor White people. https://t.co/Au2F9km80Z
https://github.com/heranmane/label_studio_images/tree/main/twitter_data/memes/2020_batch_300/1213268948432703495g.png,@charliekirk11 You socialist must have been paid off by #Soros. Or are you really that fked up. @potus is saving America. https://t.co/eZ62Qd30Lz
https://github.com/heranmane/label_studio_images/tree/main/twitter_data/memes/2020_batch_300/1213526599599083521g.png,This meme is so relatable and I badly want to share it but I have non Asian friends on Facebook and I don‚Äôt want to offend them so I‚Äôll just drop it here lmao https://t.co/Ridoy6K07f
https://github.com/heranmane/label_studio_images/tree/main/twitter_data/memes/2020_batch_300/1214263634605395968g.png,#IRAN I SAY ALL US BLACK PEOPLE DO NOT ILL SAY IT ONE MO TIME WE DO NOT HAVE SHIT TO DO WIT DONALD TRUMP OR HIS RACIST AZZ FOLLOWERS SO PLEASE LET US BE GIVE US A WARNING ‚ö†Ô∏è SO WE CAN LEAVE THE UNITED STATES AMERICA AND GO VISIT AFRICA TILL YALL DONE WIT THAT DUMBASS @Iran #Iran https://t.co/KjdwFwLL7k
https://github.com/heranmane/label_studio_images/tree/main/twitter_data/memes/2020_batch_300/1215315070017843200g.png,@WayneDupreeShow Kathy Griffin looks like a tranny a ugly one https://t.co/PZvr22krvc
https://github.com/heranmane/label_studio_images/tree/main/twitter_data/memes/2020_batch_300/1215913984974454785g.png,Sounds like someone doesn‚Äôt understand the definition of the term racist. LOL. Saying white people can‚Äôt be the victims of racism or prejudice is ignorance in itself. You become what you are aiming to defeat. You are not helping anyone‚Äôs situation. https://t.co/JPIAvMqm8x
https://github.com/heranmane/label_studio_images/tree/main/twitter_data/memes/2020_batch_300/1216019209102036994g.png,"A reminder about the #Iranian sponsored al Quds day in #Canada and what lovely people we see because of #JihadiJustin They are traitors that #AntiSemitic unethical #TraitorTrudeau idolizes, hence they‚Äôre allowed free reign This and #PrimeEvil must be stopped with #JailJustin https://t.co/ScABQwPWAJ"
https://github.com/heranmane/label_studio_images/tree/main/twitter_data/memes/2020_batch_300/1217312994654412801g.png,"Image saved by me 2 yrs ago. Butü§£ü§£ Yes I have! #45 &amp; Repugs on: Election interference, Russia, Mueller Report, #45's taxes, Ukraine, Tariffs, Border Wall, Climate Change, Healthcare, Education, Wealth gap, Middle East policy, Children in cages, Racism, Witch hunts, fake news üôÑ https://t.co/Mq6IquAigz"
https://github.com/heranmane/label_studio_images/tree/main/twitter_data/memes/2020_batch_300/1217992816179195904g.png,@HarryWatson1988 @AtlinMerrick @LaynaAyre @_karoessi Martin would have played the hell outta open yet conflicted bi John https://t.co/YvOeXktW72
https://github.com/heranmane/label_studio_images/tree/main/twitter_data/memes/2020_batch_300/1218289176430297088g.png,When you‚Äôre on the train and the only black man https://t.co/sLIKTM5wnr
https://github.com/heranmane/label_studio_images/tree/main/twitter_data/memes/2020_batch_300/1218705711133331458g.png,@trumptwentyj @JoanofAmerica LOL...#Trump2020 #MAGA #BuildTheWall #termlimits #WeThePeople #DrainTheSwamp https://t.co/YAb0X9MwEl
https://github.com/heranmane/label_studio_images/tree/main/twitter_data/memes/2020_batch_300/1218792415915581440g.png,Facts üòÇüòÇüòÇüòÇ Nigga wasn‚Äôt lying when he said this #PowerTV https://t.co/vrEHsOBnEn
https://github.com/heranmane/label_studio_images/tree/main/twitter_data/memes/2020_batch_300/1221999688116817920g.png,Racist career politician that has done nothing...nothing for Black America in decades. NOTHING. https://t.co/ThOEfqTXqe
https://github.com/heranmane/label_studio_images/tree/main/twitter_data/memes/2020_batch_300/1222208035252330497g.png,@AOC I think you should donate half your ridiculously high salary to an immigrant family...since you truly care so much. https://t.co/fFm0lSWVj6
https://github.com/heranmane/label_studio_images/tree/main/twitter_data/memes/2020_batch_300/1222903557873115136g.png,"See their faces, they decieved Nigerians into believing they are good at governance and they would resuscitate the dying Nigeria, asked the sitting President to resign, they killed Nigeria in less than 5 years, now they don't want nobody to tell them to resign. #Nigeria https://t.co/lUS3xnMYf9"
https://github.com/heranmane/label_studio_images/tree/main/twitter_data/memes/2020_batch_300/1223057711455096832g.png,"@DabGooLay It‚Äôs dried-out grocery store #sushi, not from Japanese grocery store. It‚Äôs gonna be &lt; from the get go. Not even the wholiest of @WholeFoods can halt the mechanized dehydration it‚Äôs ‚ÄúOh-Noes-Salmonella‚Äù woke #Portal #AI imposes on rice-based √° la carte. https://t.co/Alo7giOg8D"
https://github.com/heranmane/label_studio_images/tree/main/twitter_data/memes/2020_batch_300/1223732430894317568g.png,@2LarryJohnson7 At least you got athletes ... Us crackers get this syfy honkey https://t.co/3tuvM3azjY
https://github.com/heranmane/label_studio_images/tree/main/twitter_data/memes/2020_batch_300/1224151450001072129g.png,@MelodyDeWitt6 @AnnCoulter Racist bitch. https://t.co/XbvxsfyIIh
https://github.com/heranmane/label_studio_images/tree/main/twitter_data/memes/2020_batch_300/1224151563377221632g.png,Shoutout to all my Puerto Rican friends. ü§∑üèø‚Äç‚ôÇÔ∏è https://t.co/y55GV2v1i5
https://github.com/heranmane/label_studio_images/tree/main/twitter_data/memes/2020_batch_300/1224219985301659648g.png,"@SuperBowl #HalftimeShow @JLo @shakira you #SLAYED! #Goals I grew up listening and dancing to you, and you both look phenomenal. I enjoyed dancing along with my girls! So nice to see two beautiful, fierce, powerhouse #Latina women on stage together. #NoTimeForHaters #Boricua https://t.co/EixKVYQBNx"
https://github.com/heranmane/label_studio_images/tree/main/twitter_data/memes/2020_batch_300/1224384642712768518g.png,"JAJAJAJAAJAJAJAAJAJAA. Yo ayer mientras lo miraba dec√≠a ‚Äúestos gringos blancos que pagaron $10k para ver el superbowl y le encajan a JLO, Shakira, bad bunny y J Balvin en el halftime show se deben querer matar.‚Äù https://t.co/bRHTho8b0v"
https://github.com/heranmane/label_studio_images/tree/main/twitter_data/memes/2020_batch_300/1224668211959996416g.png,"2.4.20 @maejemison Mae Carol Jemison is an American engineer, physician, and former NASA astronaut. She became the first black woman to travel into space when she served as a mission specialist aboard the Space Shuttle Endeavour. #BlackHistoryMonth https://t.co/gUsSUHG5fz"
https://github.com/heranmane/label_studio_images/tree/main/twitter_data/memes/2020_batch_300/1225100563576213507g.png,"""Love takes off masks that we fear we cannot live without and know we cannot live within."" James Baldwin was a queer Black American author whose work centered the intersections of race and sexuality. Learn more at https://t.co/fyq7oXw5LS #BlackHistoryMonth #blacklgbthistory https://t.co/p6Qlah95aR"
https://github.com/heranmane/label_studio_images/tree/main/twitter_data/memes/2020_batch_300/1225282621099462656g.png,@CleopatraLament @IAMSAFAREE Lmfaoooo like under the nigga post at that https://t.co/zOytT4vVbf
https://github.com/heranmane/label_studio_images/tree/main/twitter_data/memes/2020_batch_300/1225544491895001089g.png,#repost #BLACKHISTORY #BLACKEXCELLENCE #OURHISTORY https://t.co/eTqU0yRe5b
https://github.com/heranmane/label_studio_images/tree/main/twitter_data/memes/2020_batch_300/1225571425156837378g.png,@realDonaldTrump Really? You think that's how blacks see it? This is what we saw. And this is what you did to us at the beginning of Black History month. You clearly let us know how you feel about us. Limbaugh is known for his racist rants and you did this. No respect for you. https://t.co/igVVgVsuDQ
https://github.com/heranmane/label_studio_images/tree/main/twitter_data/memes/2020_batch_300/1225588740472614912g.png,"5Y""HOLE IN BUCKET (DEVELOPMENT)""plank if Streets burn all you developed before election""JAMIA/JNU/STUDENT/MUSLIM""comboüçï of ""politicalCHANAKAYA"" fix ""NATIONAL-SECURITY""before filling""DEVELOPMENT"" https://t.co/YKt7An5Hd3 üí∞70y media,political corruption""We the poorIndian""elephant https://t.co/Hx9CkV5eTu"
https://github.com/heranmane/label_studio_images/tree/main/twitter_data/memes/2020_batch_300/1225877756409413633g.png,"@5THCONSCIOUS actually NVM he says ""I like darkskin I love her melanin"" on Element https://t.co/pFdITk6lYQ"
https://github.com/heranmane/label_studio_images/tree/main/twitter_data/memes/2020_batch_300/1225911353736601601g.png,@watt4prez @JustWhatNowWhy @PaulaKazimira @AngrierWHStaff THAT IS WHY KNUCKLE DRAGGING TRUMP SUPPORTERS CONNECT WITH THIS #ILLEGITIMATE PRESIDENT BECAUSE THEY ARE TRAILER TRASH CRACK WHORES!! https://t.co/o5xaI00Z8t
https://github.com/heranmane/label_studio_images/tree/main/twitter_data/memes/2020_batch_300/1225961057996410880g.png,"100 % Voting appeal, otherwise NDTV/INDIA TODAY/ AAJTAK anchors get ""STOMACH PAINS"" discussing low on ""DEMOCRATIC INDEX"" https://t.co/uslZKviufD Air, water, power, living, political quality index which SHAHEEN BAUG MUSLIM, üòúüòéwith open eyes telling ""DELHI100% VOTE"" https://t.co/cEJnTgHuxW"
https://github.com/heranmane/label_studio_images/tree/main/twitter_data/memes/2020_batch_300/1226223158249902081g.png,Hey #BlackTwitter: Just curious.... (Asking for a friend....) https://t.co/Df94WEwleT
https://github.com/heranmane/label_studio_images/tree/main/twitter_data/memes/2020_batch_300/1226554750935527424g.png,@realDonaldTrump Yes the president has caused more RACISM in this country than any other president in history!! People now feel they have the right to take out their cell phone and confront ppl of color wherever they may be and call them RACIST NAMES AND CALL THE POLICE FOR NO REASON!! https://t.co/ImMo7R5lSz
https://github.com/heranmane/label_studio_images/tree/main/twitter_data/memes/2020_batch_300/1226554896092205056g.png,Oh look another hashtag by the twitter Russian racist democrat party mob accounts in their twitter echo chamber. How cute. #nottiredofwinng #TrumpNotFitForOffice https://t.co/i9xaJAwci6
https://github.com/heranmane/label_studio_images/tree/main/twitter_data/memes/2020_batch_300/1227416207684333568g.png,@CillizzaCNN lol. Literally 15 black and brown people have voted in the primary and you already doing this. https://t.co/kO7PpYaWfN
https://github.com/heranmane/label_studio_images/tree/main/twitter_data/memes/2020_batch_300/1228103587328331776g.png,I must look friendly. I swear in a span of 10 minute 4 different white people have come up to me asking why I‚Äôm standing in line for this Black History Month event. https://t.co/50uX5EaUcW
https://github.com/heranmane/label_studio_images/tree/main/twitter_data/memes/2020_batch_300/1229302173277851649g.png,"#BlackTwitter To ALL Racists: When you get caught, well...BEING RACIST. Please stop apologizing for what you are. It's a Hate Crime. üòè Signed, The Black Delegation https://t.co/FzHagMY8fh"
https://github.com/heranmane/label_studio_images/tree/main/twitter_data/memes/2020_batch_300/1229754098418843652g.png,*Gay dating sucks rant* Getting told you are someone‚Äôs 2nd choice and that they need to change your date plans to another night for the other guy... like wtf! Thanks for the honesty but I‚Äôm not your stand by just in case your first choice doesn‚Äôt work out... *rant over* https://t.co/R7poTtAjCQ
https://github.com/heranmane/label_studio_images/tree/main/twitter_data/memes/2020_batch_300/1229804922952011776g.png,"@nedryun In a Show of Unity about their Concerns for the Independence of the DOJ.... Over 2,000 former Bi-Partisan DOJ Officials have signed the Letter Calling for Barr to Resign. https://t.co/Tfs6vxM8g4"
https://github.com/heranmane/label_studio_images/tree/main/twitter_data/memes/2020_batch_300/1229856263795855362g.png,"Fellas, is it gay to let your girlfriend suck your dick? https://t.co/RjGr2ABct3"
https://github.com/heranmane/label_studio_images/tree/main/twitter_data/memes/2020_batch_300/1229989660828540928g.png,"@realDonaldTrump we all like to relive our ‚Äúglory days‚Äù ...thought you‚Äôd enjoy this little reminder that once a fucking racist asshat, always a fucking racist asshat. You have a nice night, now https://t.co/5hupBdfQxv"
https://github.com/heranmane/label_studio_images/tree/main/twitter_data/memes/2020_batch_300/1230200861164478466g.png,"@kylegriffin1 @mayawiley When people vote this is what will happen to you Susan. ###VOTE Her Out###VOTE Her Out###VOTE Her Out###Vote Her Out because we are concerned about you loyalty to a corrupt, sexist, racist president who is the Narcissistic Commander In Chief. https://t.co/9yx5RhuLMS"
https://github.com/heranmane/label_studio_images/tree/main/twitter_data/memes/2020_batch_300/1230988289768906755g.png,Nobody: White people: Black folks say when we get in the car and it's cold outside: SHIT!!!! ü•∂ https://t.co/gADBXdAvHn
https://github.com/heranmane/label_studio_images/tree/main/twitter_data/memes/2020_batch_300/1231073071148281856g.png,Some crazy ass Cuban just tried to knock my door down. Like i don‚Äôt got the cuvie money on me rn https://t.co/VURVAcwyB8
https://github.com/heranmane/label_studio_images/tree/main/twitter_data/memes/2020_batch_300/1232071819584245761g.png,@huntersonprime - keeping it real- black women rock @karenhunter @ZerlinaMaxwell @TiffanyDCross @K_JeanPierre @thelauracoates https://t.co/1NXuA6DkHb
https://github.com/heranmane/label_studio_images/tree/main/twitter_data/memes/2020_batch_300/1233510438626906120g.png,"Hillbilly: Ur suckin me dry, &amp; callin me #dusty https://t.co/invBj29gJd"
https://github.com/heranmane/label_studio_images/tree/main/twitter_data/memes/2020_batch_300/1233665988979195904g.png,@JayInslee @VP Democrats complained when President Trump put a travel ban on China because of #coronavirus You‚Äôre nothing but a bunch of #Liars Schumer tried to delete this tweet but you know once it‚Äôs out there it stays there! https://t.co/xFPuBGisrM
https://github.com/heranmane/label_studio_images/tree/main/twitter_data/memes/2020_batch_300/1233700408478109696g.png,"@SinlineaMx Verdades a medias y mentiras, el interferon cubano-chino es parte del tratamiento junto a 30 medicamentos m√°s y otros en periodo de prueba para tratar los s√≠ntomas del #Coronavid19 „Ääno es la cura definitiva„Äã, ¬°No existe! A√∫n, y el intA2 es de elaboraci√≥n china y cubana. https://t.co/VJvRDjlhtE"
https://github.com/heranmane/label_studio_images/tree/main/twitter_data/memes/2020_batch_300/1233730493801205760g.png,Let me guess @realDonaldTrump. @Mike_Pence is using the same approach to combat the #Coronavirus as he does gun violence and homosexuality...prayer. https://t.co/n8AfB3IiJg
https://github.com/heranmane/label_studio_images/tree/main/twitter_data/memes/2020_batch_300/1233877682217242624g.png,"United States, Canada, Mexico, Panama, Haiti, Jamaica, Peru. Republic Dominican, Cuba, Caribbean, Greenland, El Salvador too. Puerto Rico, Colombia, Venezuela, Honduras, Guyana, and still... https://t.co/whejWqR3OU"
https://github.com/heranmane/label_studio_images/tree/main/twitter_data/memes/2020_batch_300/1234938398512689152g.png,#Alratv #YounusAlGohar #ImamMehdi #GoharShahi #inspiration #inspirationalquotes #love #saviour #hero #godlike #god #roots #religion #truth #humanity #peace #unification #enlightenment #spirituality #purity #religions #judaism #christianity #islam #hinduism #universal #peace https://t.co/BhEhMocJgE
https://github.com/heranmane/label_studio_images/tree/main/twitter_data/memes/2020_batch_300/1236986775635144704g.png,"Attending @BarnardCollege certainly affirmed my personhood. Daily we were reminded that we were strong Barnard women.üí™ Nevertheless, church &amp; society question my #blackgirlmagic daily. Shirley said bring a chair; my granddad taught me to BUILD my own chair! #WomensHistoryMonth https://t.co/jpk7i3ySST"
https://github.com/heranmane/label_studio_images/tree/main/twitter_data/memes/2020_batch_300/1237010795667640320g.png,#BlackCommunity love ourselves &amp; value. Our lives a lot more and NOT only when a whiteman kills us https://t.co/mtyRSLApF9
https://github.com/heranmane/label_studio_images/tree/main/twitter_data/memes/2020_batch_300/1237052216512577537g.png,#coronavirus #COVID2019 #WuhanVirus https://t.co/dYECg7e2EE
https://github.com/heranmane/label_studio_images/tree/main/twitter_data/memes/2020_batch_300/1237955235877810183g.png,@denisewu Another racist virus https://t.co/mLJDBXTzAs
https://github.com/heranmane/label_studio_images/tree/main/twitter_data/memes/2020_batch_300/1238417665389199360g.png,"@JGreenblattADL It was ok to call it the wuhan virus when it first started , again anything against Trump and his administration.... https://t.co/xzLtvIOViv"
https://github.com/heranmane/label_studio_images/tree/main/twitter_data/memes/2020_batch_300/1238605602332573703g.png,"Black girls, no girls or boys for that matter, should ever believe they are ugly. We have to love and celebrate the beauty, talent and uniqueness in all children. And if no one else told you today, I want you to know, you‚Äôre beautiful. ‚ô•Ô∏è #BlackIsBeautiful #WomensHistoryMonth https://t.co/k34sbsZtIe"
https://github.com/heranmane/label_studio_images/tree/main/twitter_data/memes/2020_batch_300/1238901498626617344g.png,@JGreenblattADL Stop parroting Chinese communist propaganda. https://t.co/rGNix9DO8u
https://github.com/heranmane/label_studio_images/tree/main/twitter_data/memes/2020_batch_300/1239076369474162688g.png,"""s0LusY0ng meDiKaL, hiNdi miLiTaR"" gad. what a shame. our (Filipino) mentality really sucks big time. at. times. like. this. üòï why can't you cooperate and do what is right? isn't that hard? (ctto for the photo) (i ain't dds as well) https://t.co/Es1tGiIT63"
https://github.com/heranmane/label_studio_images/tree/main/twitter_data/memes/2020_batch_300/1239368401128128512g.png,I voted 4 Pres Trump as last administration was being called Messiah. Forced policies. Forced financial penalties. Obama was just a community organizer with those jobs aren't coming back. Homosexual lighting of WH. Accept Islam. Nah Promises made &amp; kept https://t.co/2Ss4W2v75g
https://github.com/heranmane/label_studio_images/tree/main/twitter_data/memes/2020_batch_300/1240060891078504448g.png,@shxwnking @sydaussi This nigga wild https://t.co/jxWHUjmbkk
https://github.com/heranmane/label_studio_images/tree/main/twitter_data/memes/2020_batch_300/1241172758224080897g.png,Listen to John Brown people! #QuarantineLife https://t.co/nu4mewrKnL
https://github.com/heranmane/label_studio_images/tree/main/twitter_data/memes/2020_batch_300/1245152577194299392g.png,"@belensisaw @briebriejoy That is not #BlackGirlMagic, Yvette. https://t.co/tIDfETO9Ys"
https://github.com/heranmane/label_studio_images/tree/main/twitter_data/memes/2020_batch_300/1245360161394483202g.png,While Trump was facing the #ChinaVirus straight on - Nancy was playing games... https://t.co/kmYT8zqF7B
https://github.com/heranmane/label_studio_images/tree/main/twitter_data/memes/2020_batch_300/1245448962427027457g.png,"Pure and simply put, the Chinese attacked us and need to answer for it! https://t.co/uJ7Uf6zfV3"
https://github.com/heranmane/label_studio_images/tree/main/twitter_data/memes/2020_batch_300/1245462627955941381g.png,"Covid-19 originated in 2 bio labs that experimented on bats with the virus, known as Intermediate Horseshoe Bat, there are no colonies of the bat, within 900km of Wuhan, neither is there evidence of the horseshoe bat sold in any Wuhan wet market. üëáFrom a chinese health paper https://t.co/tsiQ6ze3qQ"
https://github.com/heranmane/label_studio_images/tree/main/twitter_data/memes/2020_batch_300/1246296207737020416g.png,"Let's keep it real, social distancing is key y'all! üíÅüèæ‚Äç‚ôÇÔ∏èüåΩ #halleloo #iconic #ShangelaLaquifaWadley #coronavirus #shitisreal #socialdistancing #stayhome #gay #gayshitipost #instagay #ohalittlepinkpursehowdthatgetthere #live #laugh #staysafe https://t.co/HICrFh6IKI"
https://github.com/heranmane/label_studio_images/tree/main/twitter_data/memes/2020_batch_300/1246431977605074948g.png,In today's and I Oop News. Talcum X.... I mean @shaunking has once again had his fraudulent wig snatched. Receipts attached. What say ye #BlackTwitter ? https://t.co/p2HYDXXZu0
https://github.com/heranmane/label_studio_images/tree/main/twitter_data/memes/2020_batch_300/1246506990391529472g.png,"@charleschaks @MCDONOROD @misschindiya @chrisbrown Also just to clarify, DO WE NOT WANT YOUNG EDUCATED BLACK WOMEN IN OUR CONTINENT? Those shady degrees we have all seen, do we not want a new wave of intellects or are we all cool with this current situation?üôÉ https://t.co/om98yRKFC0"
https://github.com/heranmane/label_studio_images/tree/main/twitter_data/memes/2020_batch_300/1246538384639590400g.png,@RepAdamSchiff Shitty Schiff is just worried all the dead folks and illegals in his district won't be able to vote (twice) if we have voter ID. https://t.co/Dew8pdQvzx
https://github.com/heranmane/label_studio_images/tree/main/twitter_data/memes/2020_batch_300/1246866098932285440g.png,They stand united because they STILL mad they had to call this man right here SIR! They stand with 45 because of their commonality...racism. https://t.co/T5WiTIfn0t
https://github.com/heranmane/label_studio_images/tree/main/twitter_data/memes/2020_batch_300/1248605457226268672g.png,@Tim_Canova @realDonaldTrump #Soros voting Machines What will the #Snowflakes have to cry about! #DNCisCorrupt #NeverForgetBenghazi https://t.co/VG9er69blN
https://github.com/heranmane/label_studio_images/tree/main/twitter_data/memes/2020_batch_300/1249737682370072576g.png,@ananavarro Your Chinese masters approve of your tweet. https://t.co/pg20dh6dGf
https://github.com/heranmane/label_studio_images/tree/main/twitter_data/memes/2020_batch_300/1250206366893068288g.png,@Acosta You're nothing more than a sensationalist Jim Boy! Your Cuban/Communist roots are showing. Be quiet! https://t.co/q6gM079VpH
https://github.com/heranmane/label_studio_images/tree/main/twitter_data/memes/2020_batch_300/1250413853197959168g.png,"@BillGates @WHO Nothing can be so dangerous in d world rightnow than aüòàBill GatesüëΩwith vaccines using corrupt WHO,chan Zukerberg initiative,Chinese communist party,big pharma's &amp;Dr Fauci to comit global murder!take ur fucking Gates fundation&amp; ur horrible blood thirsty face&amp;feet out of Africa! https://t.co/Kq37fVzXhp"
https://github.com/heranmane/label_studio_images/tree/main/twitter_data/memes/2020_batch_300/1251671394955526144g.png,‚ù§#SaveTheWorld from #Coronavirus! Recycle empty soda bottles into face shields and become a hero! #BillionShields Arabic https://t.co/YrxltDqaph #TogetherAtHome : https://t.co/8ZQ3z80aGU
https://github.com/heranmane/label_studio_images/tree/main/twitter_data/memes/2020_batch_300/1252982951400353794g.png,Texas Governer says that‚Äôs it‚Äôs okay that people will die cause other things are more important than living. But understand that this will most likely not effect him and and his loved ones but everyone else (minorities and low income). They don‚Äôt care about us ü§∑üèΩ‚Äç‚ôÄÔ∏è https://t.co/Ye3RAanCBQ
https://github.com/heranmane/label_studio_images/tree/main/twitter_data/memes/2020_batch_300/1253718811204870148g.png,"@INCANSAR @alamgirizvi TarekFatah,SambitPatra, Rohitchahal,SureshChohan are deputed as key players to provoke, instigate &amp; communalize Indian Society against #Muslims using #socialmedia @Twitter @TwitterIndia whereas home ministry @HMOIndia claims that its ministry is watching on them. #Islamophobia https://t.co/LglYBhNBg7"
https://github.com/heranmane/label_studio_images/tree/main/twitter_data/memes/2020_batch_300/1255336975466446849g.png,Y'all ü•¥ü•¥ straight white people really love to act like they're oppressed https://t.co/bOhDjFzczK
https://github.com/heranmane/label_studio_images/tree/main/twitter_data/memes/2020_batch_300/1255398076388425729g.png,"When these folks agree on anything, in this case @NYCMayor slander of NY Jewish Community, it gives me hope we can overcome our differences and attain Jewish unity. @benshapiro @PopChassid @AJCGlobal @JFREJNYC @JGreenblattADL @NYCGreenfield @ChaskelBennett https://t.co/SnBJA9P8TE"
https://github.com/heranmane/label_studio_images/tree/main/twitter_data/memes/2020_batch_300/1255451655845355523g.png,"Not a coincidence after the IMPREACHMENT Hoax backfired. The CRAZY DEMS &amp; TOTALITARIAN COMMUNISTS Chinese Gov't had an ""Insurance Policy"" ready to go. The CRAZY DEMS will do anything &amp; everything to Destroy America;They lie, cheat, steal &amp; kill for POWER! This is not a drill. https://t.co/uHedu5YTc5"
https://github.com/heranmane/label_studio_images/tree/main/twitter_data/memes/2020_batch_300/1255829220049248256g.png,The government is my Egyptian mom. https://t.co/z91KYmICti
https://github.com/heranmane/label_studio_images/tree/main/twitter_data/memes/2020_batch_300/1256014971235958803g.png,Why yall mad at AK for being a horny single nigga?ü§£ https://t.co/CwuLhweYa2
https://github.com/heranmane/label_studio_images/tree/main/twitter_data/memes/2020_batch_300/1256299438919880704g.png,"Pinche raza pendeja y luego andan diciendo: ""ojal√° esto ya se termine"" https://t.co/0qfy3vXhXl"
https://github.com/heranmane/label_studio_images/tree/main/twitter_data/memes/2020_batch_300/1256443577917472773g.png,Double gay suicide #TheLastDriveIn https://t.co/Zzl82GgGok
https://github.com/heranmane/label_studio_images/tree/main/twitter_data/memes/2020_batch_300/1256491993343066113g.png,@maxberger Meanwhile PoC that told folk about the covertly racial undertones of these ‚Äúprotests‚Äù are sitting here like: https://t.co/z9dV1QNlUl
https://github.com/heranmane/label_studio_images/tree/main/twitter_data/memes/2020_batch_300/1257487387115974657g.png,This nut is Jim Jones all over. If he says jump his supporters will ask from which building.....#FakePresident #FakePresident45 #PutinsPuppet #racist #JimJones #TrumpsCrazy #realtalk #Truth #politics #VoteHimOut2020 https://t.co/1XoTbPlQxD
https://github.com/heranmane/label_studio_images/tree/main/twitter_data/memes/2020_batch_300/1258423240449560577g.png,Thought he was in the Bahamas chilling with 2Pac üòÇ https://t.co/OSwdF4bUCp
https://github.com/heranmane/label_studio_images/tree/main/twitter_data/memes/2020_batch_300/1258489823591116801g.png,"I am so sick of this bullshit world, the fucking racism, the abuse of power, the sorry excuse system that fucks black people and sucks white people‚Äôs dicks. #AhmaudAubrey https://t.co/luVpp7UZSv"
https://github.com/heranmane/label_studio_images/tree/main/twitter_data/memes/2020_batch_300/1259224231008784387g.png,"Imagine a group of black men, in the south (or anywhere honestly) walking into a business looking like this. Would they survive, let alone be allowed to order food? https://t.co/FjMvyFnFO8"
https://github.com/heranmane/label_studio_images/tree/main/twitter_data/memes/2020_batch_300/1259228969808740352g.png,"These individuals became the homesteaders that settled in Josephburg &amp; surrounding areas. Photo:Josephburg's first school, class picture -c.1900 #strathma #strathco #shpk #museumfromhome #albertahistory #germanlanguage #poland #gal√©cia #immigrants #history #josephburg https://t.co/BLNn7GAsgy"
https://github.com/heranmane/label_studio_images/tree/main/twitter_data/memes/2020_batch_300/1259832024216399872g.png,Punta na sa IG tulad ni Angel ang pwede kong ipaglaban..walang takot magsalita walang takot sabihin ang pag ku kulang ng ABS/ang mga taong involve sa pagsasara nito hindi OA and doesn‚Äôt encourage anyone to fight but asking for Unity..all of us should learn from her @143redangel https://t.co/FojquutXMK
https://github.com/heranmane/label_studio_images/tree/main/twitter_data/memes/2020_batch_300/1260031401568505856g.png,@ainee_2010 üòÇüòÇüòÇ all my sympathies for Turkish artists. Unhen nahi pata kis Quom ke haathey lag gye haan. https://t.co/1TavL2mu0B
https://github.com/heranmane/label_studio_images/tree/main/twitter_data/memes/2020_batch_300/1260802682199126018g.png,#MAGA #Trump2020 #StraightPrideParade #SaveTheBabies #draintheswamp #BuildTheWall #AmericaFirst #FourMoreYears #Happy420 #COVID #cnn #FOX #MarchForLife #JoeBidenHasDementia https://t.co/zWnpq0TuKV
https://github.com/heranmane/label_studio_images/tree/main/twitter_data/memes/2020_batch_300/1261384806207836167g.png,"White people are a minority in the World &amp; births in the West. They are continually bullied &amp; marginalized in the world built by their ancestors. It‚Äôs time for white people to self identify just like every other group &amp; defend against anti-white legal, social &amp; political acts. https://t.co/DJBLbezv38"
https://github.com/heranmane/label_studio_images/tree/main/twitter_data/memes/2020_batch_300/1261917087695425536g.png,@KoreanAncap @sowingHK Yeah. They hate us Jews too! Looküëáüëá I posted history. Too much.üëáüëá https://t.co/wFJfL5vo0D
https://github.com/heranmane/label_studio_images/tree/main/twitter_data/memes/2020_batch_300/1262155327736176640g.png,@realDonaldTrump Plz help Yemen üáæüá™ https://t.co/KZo0rNycv8
https://github.com/heranmane/label_studio_images/tree/main/twitter_data/memes/2020_batch_300/1263270967981281288g.png,"üòÇüòÇJordan did complained to the refs but he wasn‚Äôt crying either, he was basically threatening to beat they ass is they didn‚Äôt get his calls plus 90‚Äôs was more physical where you can Closeline or elbow a nigga back then lol https://t.co/4GkIBWPaKP"
https://github.com/heranmane/label_studio_images/tree/main/twitter_data/memes/2020_batch_300/1263914210066665474g.png,"Catchy: "" We all live under Chinese censorship!"" #cdnpoli #worldpol #FridayVibes https://t.co/hODOSDvbrC https://t.co/SLWI1bkon4"
https://github.com/heranmane/label_studio_images/tree/main/twitter_data/memes/2020_batch_300/1263990245432926215g.png,"@CBSNews @DerrickNAACP IN 2015 Trump asked MY black voters see them back there,"" WHAT DO U HAVE TO LOOSE"" U was not as flabbergasted. That comment should not be taken as racist compared to Trump racist attacks ON black women reporters &amp; D four black young men in NY https://t.co/jG81G5afne"
https://github.com/heranmane/label_studio_images/tree/main/twitter_data/memes/2020_batch_300/1264059787433652224g.png,@KaitMarieox So what's trump's African American support up to? 8%? From 6%..... Of course that was BEFORE 30 million people lost their jobs... https://t.co/Qk9vrGIr6A
https://github.com/heranmane/label_studio_images/tree/main/twitter_data/memes/2020_batch_300/1264241918793273344g.png,"@MrColionNoir @JoeBiden @TheDemocrats have ALWAYS expected people of color to fall in line! ""It is quiet as a church mouse on the left."" says @SenatorTimScott ""Whitewashing Vice President @JoeBiden's comments only means he will consistently disrespect the Black vote."" https://t.co/HUwW14Rnu2"
https://github.com/heranmane/label_studio_images/tree/main/twitter_data/memes/2020_batch_300/1264909071955619847g.png,"@CrunchyConserv3 @AdamPow53157793 @deathstarFPO @Caldwsp057 @manzuetaa1 @KLF @realDonaldTrump California: rich, great weather and natural beauty, biggest tech/entertainment/real estate/farm state, world's 5th largest economy by itself. Red states: meth, obesity, poverty, racism, crap schools, no hospitals, high infant mortality, no culture, no housing demand. https://t.co/MCF25JHVd7"
https://github.com/heranmane/label_studio_images/tree/main/twitter_data/memes/2020_batch_300/1265159590678839297g.png,Oh let's not forget 2017 we found out that Blacks in Chicago see the most bike tickets...some versions of Amy Cooper have guns https://t.co/CFvPCIo5JC
https://github.com/heranmane/label_studio_images/tree/main/twitter_data/memes/2020_batch_300/1265495549140238336g.png,I will not be silent. #BlackLivesMatter https://t.co/5xTcUDm9JU
https://github.com/heranmane/label_studio_images/tree/main/twitter_data/memes/2020_batch_300/1265496997156585474g.png,"My heart is heavy tonight. I won‚Äôt share the video, because I know it‚Äôs traumatic for my black and brown siblings to see yet another Black man killed. https://t.co/NDVdQoOcV9"
https://github.com/heranmane/label_studio_images/tree/main/twitter_data/memes/2020_batch_300/1265627835869298690g.png,Minneapolis Mayor Jacob Frey: ‚ÄúFor five minutes we watched as a white officer pressed his knee into the neck of a black man who was helpless. For five whole minutes. This was not a matter of a split-second poor decision.‚Äù #JusticeForGeorgeFloyd #BlackLivesMatter üñ§ https://t.co/Hzb438ogLP
https://github.com/heranmane/label_studio_images/tree/main/twitter_data/memes/2020_batch_300/1265648257058963457g.png,"Not far removed at all.. Not my degree, salary or nice neighborhood can protect my sons. #BlackLivesMatter #ProtectOurBrownBoys https://t.co/S1bPZSM4tK"
https://github.com/heranmane/label_studio_images/tree/main/twitter_data/memes/2020_batch_300/1265650967367876609g.png,"Seems like an appropriate time to bring this back. Taken in the aftermath of Freddie Gray‚Äôs murder in Baltimore City, 2015. #BlackLivesMatter #GeorgeFloyd https://t.co/x1t2WRA5eY"
https://github.com/heranmane/label_studio_images/tree/main/twitter_data/memes/2020_batch_300/1265785864078098435g.png,Everytime black ppl get to talking about racism https://t.co/bVq20lLyP5
https://github.com/heranmane/label_studio_images/tree/main/twitter_data/memes/2020_batch_300/1265806771450531841g.png,@CNN This is what this racist narcissistic perpetual lying disgusting immoral unethical molesting pussy grabbing DEMAGOGUE equal. Yes I'm speaking of Donald Trump. üëáüëáüëáüëáüëáüëáüëáüëáüëáüëáüëáüëá https://t.co/tu1AoN0VJP
https://github.com/heranmane/label_studio_images/tree/main/twitter_data/memes/2020_batch_300/1265812487854862339g.png,All lives matter! https://t.co/vHhLqXu48o
https://github.com/heranmane/label_studio_images/tree/main/twitter_data/memes/2020_batch_300/1265834571800678400g.png,Frustrating... #racism #changeisneeded https://t.co/ulVN3Dsith
https://github.com/heranmane/label_studio_images/tree/main/twitter_data/memes/2020_batch_300/1266162294989492224g.png,MASSAGE TO EVERYONE. (Look in the comments for the second half) ‚¨áÔ∏è‚¨áÔ∏è‚¨áÔ∏è‚¨áÔ∏è‚¨áÔ∏è‚¨áÔ∏è‚¨áÔ∏è‚¨áÔ∏è‚úä#BlackLivesMatter #minneapolisriots #GeorgeFloydWasMurdered #Horrific https://t.co/IojKqYoOgB
https://github.com/heranmane/label_studio_images/tree/main/twitter_data/memes/2020_batch_300/1266188002167894016g.png,Sitting here and having such a hard time grasping why he didn‚Äôt stop? Why did he continue while he was begging for his life? Crying for his mother? Completely complying? Why did the other officer not stop him? My heart hurts that there is that much evil. #BlackLivesMatter https://t.co/7h8ORKxL6x
https://github.com/heranmane/label_studio_images/tree/main/twitter_data/memes/2020_batch_300/1266417949939810305g.png,"Especially facebook who for several yrs now has choose itself as an aditor with a viewpoint for d terrorist nigerian state against Biafrans views as they regularly get blocked,banned &amp; restricted from commenting for over 30days! President Trump thank u for stopping this madness! https://t.co/H6OkDqwtxn"
https://github.com/heranmane/label_studio_images/tree/main/twitter_data/memes/2020_batch_300/1266454648568807425g.png,Que viva la raza ü•≥ https://t.co/ETqJapyfbQ
https://github.com/heranmane/label_studio_images/tree/main/twitter_data/memes/2020_batch_300/1266455289525448704g.png,So when are yall gonna realize that you dont care about us? #dontshoot #JusticeForGeorgeFloyd #ICantBreath #BlackLiveMatter #JusticeforAhmaudArbery #EricGarner #EnoughIsEnough https://t.co/BjphDJSowY
https://github.com/heranmane/label_studio_images/tree/main/twitter_data/memes/2020_batch_300/1266455621324267520g.png,#BlackLivesMatter https://t.co/TSGb1Actwi
https://github.com/heranmane/label_studio_images/tree/main/twitter_data/memes/2020_batch_300/1266502350673530888g.png,"@realDonaldTrump the hatred you spew infects the weak-of-mind. On 11.03 we will administers the vaccine when we crush you, legally and peacefully. #BlackLivesMatter #VoteBlueToSaveAmerica2020 https://t.co/YP5g4J4IoV"
https://github.com/heranmane/label_studio_images/tree/main/twitter_data/memes/2020_batch_300/1266504781830340609g.png,When people of color say stupid shit like this I just cringe. #modelminority https://t.co/pBSlTPlEpk
https://github.com/heranmane/label_studio_images/tree/main/twitter_data/memes/2020_batch_300/1266532831070760967g.png,#JusticeForGeorge #BlackTwitter #Protest #ThenAndNow #LetsMakeAChange https://t.co/7u86cj4FN3
https://github.com/heranmane/label_studio_images/tree/main/twitter_data/memes/2020_batch_300/1266588710369398784g.png,"Since this heartless animal wanna post something, let‚Äôs post EVERYTHING! üò°‚úäüèæ #igottimetoday #GeorgeFloyd #blacktwitter #racism #shaunking @alisiddiq @shaunking @realdlhughley @WillieDLIVE https://t.co/7gq60HRbNh"
https://github.com/heranmane/label_studio_images/tree/main/twitter_data/memes/2020_batch_300/1266716241651273728g.png,This is always the saddest part for me. When the victim's family are the ones who have to suffer for the rest of their lives. This poor girl doesn't even know it yet but her father was just savagely taken from her. #JusticeForGeorgeFlyod #PoliceThePolice #BlackLivesMatter https://t.co/kHSgQBhC1k
https://github.com/heranmane/label_studio_images/tree/main/twitter_data/memes/2020_batch_300/1266720631074230273g.png,Racist propaganda at every turn. Let‚Äôs take back our country from this fascist Hitler/Goebbels playlist following racist regime. Enough is Enough! V O T E B L U E like your life &amp; republic depends on it! üëäüèΩ https://t.co/YOFHh2fgwA
https://github.com/heranmane/label_studio_images/tree/main/twitter_data/memes/2020_batch_300/1266750089176977408g.png,@davidmweissman #BlackLivesMatter https://t.co/hBxOq1iZwm
https://github.com/heranmane/label_studio_images/tree/main/twitter_data/memes/2020_batch_300/1266792687904186368g.png,how long the kkk been a race? https://t.co/vT6XRe1uhT
https://github.com/heranmane/label_studio_images/tree/main/twitter_data/memes/2020_batch_300/1266822008425402375g.png,THIS WHAT THE NEWS WONT SHOW US THEY MAKE US LOOK LIKE SAVAGES. #georgesfloyd #BlackLivesMatter #protests @CNN @ABC @FoxNews https://t.co/dXAl2TLo6m
https://github.com/heranmane/label_studio_images/tree/main/twitter_data/memes/2020_batch_300/1266837043998420992g.png,@realDonaldTrump The Racist/Bigot in Chief is doing everything he can to invite race riots across America. He sees this as something that will energize his dwindling base of racists. Don‚Äôt fall for this. https://t.co/VVjPGHlLfd
https://github.com/heranmane/label_studio_images/tree/main/twitter_data/memes/2020_batch_300/1266860342161764354g.png,"@GovTimWalz THIS IS NOT ABOUT RACISM, ITS ABOUT ENTITLEMENT. INFERIORITY COMPLEX ON A GRAND SCALE...üò≥ü§îüò°üèπ #CircusClowns ü§°üé™ https://t.co/udTPUvYeGp"
https://github.com/heranmane/label_studio_images/tree/main/twitter_data/memes/2020_batch_300/1266886475079090183g.png,today was honestly one of the most powerful things I have experienced #BlackLivesMatter https://t.co/q6kMY4xy4L
https://github.com/heranmane/label_studio_images/tree/main/twitter_data/memes/2020_batch_300/1266967634412744706g.png,#BlackLivesMatter https://t.co/mIcZMNBYro
https://github.com/heranmane/label_studio_images/tree/main/twitter_data/memes/2020_batch_300/1266970454742441984g.png,"@ChuckCallesto @w_terrence @sniffydogs Blacks want justice for crimes committed by whites. Now whites want justice for crimes commited by blacks &amp; thugs who riot kill cops,destroy property. Whites do not riot under same circumstances.Rioters must be prosecuted. https://t.co/G7AfZHAy4u"
https://github.com/heranmane/label_studio_images/tree/main/twitter_data/memes/2020_batch_300/1266991103523401728g.png,"I‚Äôm from the belly of the beast, where being black can get you killed in the street. #BlackLivesMatter #austinprotest #icantbreathe #GeorgeFloyd #mikeramos #BreonnaTaylor #AhmaudArbery #BlackinTexas #BlackInAmerica https://t.co/PEtwsI8vxu"
https://github.com/heranmane/label_studio_images/tree/main/twitter_data/memes/2020_batch_300/1267104731580837891g.png,LOL. This.... Is HILARIOUS but speaks volumes #BLACK_LIVES_MATTER #BlackLivesMatter #GeorgeFloydProtests #torontoprotest https://t.co/BMjArX4lok
https://github.com/heranmane/label_studio_images/tree/main/twitter_data/memes/2020_batch_300/1267157859860692993g.png,"Indeed, this is that inflection point where they exploit racial violence and politically declare the left &amp; Blacks terrorist. https://t.co/Kra3CXd42e"
https://github.com/heranmane/label_studio_images/tree/main/twitter_data/memes/2020_batch_300/1267164602703376384g.png,Dear white people: Share the full story. https://t.co/cbfj9nMOvz
https://github.com/heranmane/label_studio_images/tree/main/twitter_data/memes/2020_batch_300/1267195950461677568g.png,"If you are out there bravely protesting for what we all believe in, please stay safe üôèüèª #BlackLivesMatter #ProtestWithPLUR ‚úäüèø‚úäüèæ‚úäüèΩ‚úäüèº‚úäüèª https://t.co/c48KLq9kBJ"
https://github.com/heranmane/label_studio_images/tree/main/twitter_data/memes/2020_batch_300/1267206847678820353g.png,"my ex roommate aka nothing but a racist fucking idiot. an ugly piece of shit, this isn‚Äôt a ‚Äúdifference of opinion‚Äù. there is a clear difference between looting and FUCKING MURDER. https://t.co/MAQnhGtxlG"
https://github.com/heranmane/label_studio_images/tree/main/twitter_data/memes/2020_batch_300/1267210208402567168g.png,Bret ‚ÄúThe Hitman‚Äù Hart is with the movement. Pardon me while I go put a cop in the Sharpshooter. üò§üò§üò§üëäüèæ #BlackLivesMatter #JusticeForGeorge https://t.co/urWpIxtZRl
https://github.com/heranmane/label_studio_images/tree/main/twitter_data/memes/2020_batch_300/1267222518299013126g.png,"Support protesters any way you can, if you have the means to please donate funds to organizations like @BKBailFund ‚úäüèæ‚úåüèøüñ§ #JusticeforBreonnaTaylor #JusticeforAhmaudArbery #JusticeForGeorgeFloyd #BlackLivesMatter https://t.co/U4BGwqSsYk"
https://github.com/heranmane/label_studio_images/tree/main/twitter_data/memes/2020_batch_300/1267233583636373509g.png,"IF YOU‚ÄôRE NOT WILLING TO KNEEL WITH US, YOU ARE NOT A GOOD COP. #ISaidWhatISaid #BlackLivesMatter IF ALL COPS AREN‚ÄôT BAD, they should ALL be KNEELING. https://t.co/1IwPRVTnJ4"
https://github.com/heranmane/label_studio_images/tree/main/twitter_data/memes/2020_batch_300/1267286714550280194g.png,@CNNTonight @Ryanyoungnews #GoergeFloyd #PoliceBrutality #riot https://t.co/Wv9r9skouf
https://github.com/heranmane/label_studio_images/tree/main/twitter_data/memes/2020_batch_300/1267343533377273856g.png,@ToxicExplodley @SecretService @FBI @TheJusticeDept insallah they will investigate meüôèüôèüôèüôè i am beging to be deported and leave this wretched land https://t.co/Lotogf2y4a
https://github.com/heranmane/label_studio_images/tree/main/twitter_data/memes/2020_batch_300/1267445019339886594g.png,This explains it all. #iamwithyou #BlackLivesMatter https://t.co/SQ2kGX4Zgq
https://github.com/heranmane/label_studio_images/tree/main/twitter_data/memes/2020_batch_300/1267590815234342913g.png,More of what the #MainstreamMedia doesn‚Äôt want you to see! #BlackLivesMatter #BlueLivesMatters #AllLivesMatter https://t.co/Tp2MD5SJKU
https://github.com/heranmane/label_studio_images/tree/main/twitter_data/memes/2020_batch_300/1267602309359403008g.png,"If you stand with TRUMP today, June 1,2020 you have chosen to stand with a DICTATOR. #protests2020 #GeorgeFlyod #BlackLivesMatter #NoJusticeNoPeace https://t.co/d36a4xN9qU"
https://github.com/heranmane/label_studio_images/tree/main/twitter_data/memes/2020_batch_300/1267624107299999745g.png,#PoliceBrutality #PoliceViolence #protests2020 https://t.co/Ada7s94Fcf
https://github.com/heranmane/label_studio_images/tree/main/twitter_data/memes/2020_batch_300/1267658952499740672g.png,End RACISM https://t.co/AOeIzqRgzk
https://github.com/heranmane/label_studio_images/tree/main/twitter_data/memes/2020_batch_300/1267710257679106059g.png,Wanted to express myself through art so I made these designs #justice #BlackLivesMatter https://t.co/OVlkifLvWC
https://github.com/heranmane/label_studio_images/tree/main/twitter_data/memes/2020_batch_300/1267844316938018816g.png,"@JoeBiden Ur one of the biggest racist, If not then ur unfit for any office. U have made racist gaffes since 1988 check youtube, I mean a person could only have so many gaffes before denying they aren't racist. Whens ur last 7eleven trip? U laughed at that racist joke to the reporter. https://t.co/W8J3JuHhx5"
https://github.com/heranmane/label_studio_images/tree/main/twitter_data/memes/2020_batch_300/1267857060600795136g.png,#BlackLivesMatter https://t.co/HOCFTXeJwX
https://github.com/heranmane/label_studio_images/tree/main/twitter_data/memes/2020_batch_300/1267890199956205573g.png,My follower count going down everytime I post about Black Lives Matter https://t.co/rwpRtoE0My
https://github.com/heranmane/label_studio_images/tree/main/twitter_data/memes/2020_batch_300/1268452540657668104g.png,I'm made a thing #AmericaOrTrump #PoliceViolence #BlackLivesMatter https://t.co/IF3hFOFUky
https://github.com/heranmane/label_studio_images/tree/main/twitter_data/memes/2020_batch_300/1268724506547441664g.png,Racist white people be like... https://t.co/0Zc99rM6vH
https://github.com/heranmane/label_studio_images/tree/main/twitter_data/memes/2020_batch_300/1268961745932029965g.png,I am officially a celebrity photographer üí™üèæ thanks to @ZyahnaB for believing in me ! It‚Äôs always black women holding us down !!! She deserves this moment and I‚Äôm honored to be apart for real . I didn‚Äôt see this coming at all . https://t.co/jfLYEwiyL4
https://github.com/heranmane/label_studio_images/tree/main/twitter_data/memes/2020_batch_300/1269061592236376065g.png,The team that picks up @Kaepernick7 will be @NFL Super Champs #TakeAKnee for Lady Liberty #BlackLivesMatter #RIPGeorgeFloyd https://t.co/dFEr8D6SVV
https://github.com/heranmane/label_studio_images/tree/main/twitter_data/memes/2020_batch_300/1269244977600659456g.png,Wake up and realize you are getting played. Every four years #BlackLivesMatter shows up. Check the pattern. Always when it‚Äôs close to election time. Don‚Äôt you find that odd? #WalkAway https://t.co/SiMbZbQ0it
https://github.com/heranmane/label_studio_images/tree/main/twitter_data/memes/2020_batch_300/1269451315224117248g.png,This kind of douche is what causes racist in our country!! https://t.co/eW0L4VRApl
https://github.com/heranmane/label_studio_images/tree/main/twitter_data/memes/2020_batch_300/1269516921327796225g.png,#Capitalist #Capitalists #Capitalism #CapitalismKills #Socialist #Socialists #Socialsim #BLM #BlackLivesMatter #Providence #Providenceprotest #Protests #Protest #ProvidenceRI https://t.co/8jOuep6AYj
https://github.com/heranmane/label_studio_images/tree/main/twitter_data/memes/2020_batch_300/1269657177305858048g.png,"@scott_m_coley Scott, people like me reject your assertion that we ARE in a ‚Äúmovie theater‚Äù based on the case data which don‚Äôt show systemic police bias against blacks. Blacks who commit violent crime are less likely than whites to be shot by police. The ‚Äúfix‚Äù is already in. https://t.co/Z93IPaHxD0"
https://github.com/heranmane/label_studio_images/tree/main/twitter_data/memes/2020_batch_300/1269659213720096769g.png,"@realDonaldTrump Kiss ass judges, kiss a supreme court, kiss ass Republicans none of them want what is best for America or the world. Go away #BlackLivesMatter #TrumpResignNow #trumpisafakepresident #TrumpIncitesViolence https://t.co/TnBbKqXkuh"
https://github.com/heranmane/label_studio_images/tree/main/twitter_data/memes/2020_batch_300/1269827259982110720g.png,@Sifill_LDF Let the World Take the Test. Are you Racist ? https://t.co/ouTbuHKcpN
https://github.com/heranmane/label_studio_images/tree/main/twitter_data/memes/2020_batch_300/1269946880223518722g.png,"When I heard George Floyd CRY OUT for his Momma that CUT ME TO MY SOUL!!! This is why as Mother's, as Parents WE NEED to stand up against ALL injustice!! So we can stop living in fear for our sons and daughters. #MakeYourVoiceHeard #BlackLivesMatter #SaveOurBlackChildren #BLM https://t.co/xJgHS8lbC1"
https://github.com/heranmane/label_studio_images/tree/main/twitter_data/memes/2020_batch_300/1269977661205405696g.png,"If @realDonaldTrump really has this, and is presenting all the symptoms... do we really think he is making the decisions in the White House?? I am afraid that the racist Stephen Miller is probably pulling the strings.... https://t.co/itJ2TnwHMA"
https://github.com/heranmane/label_studio_images/tree/main/twitter_data/memes/2020_batch_300/1270821205633794054g.png,#BlackLivesMatter https://t.co/bbvPW12b4f
https://github.com/heranmane/label_studio_images/tree/main/twitter_data/memes/2020_batch_300/1270847219248148481g.png,"@EdDre @hodgetwins I'm Native American N I'm not a victim but it sounds that U rather b a victim. Should I blame U N all Blacks 4 what happened at Wounded Knee? Why do Blacks kill so many blacks? Why R Blacks burning businesses, why not burn the Getto? My Dad is half Black N got N education.ü§îü§îüèπ https://t.co/k5AmXOodBz"
https://github.com/heranmane/label_studio_images/tree/main/twitter_data/memes/2020_batch_300/1270928970867851264g.png,@Acyn What‚Äôs worse is that the black men who allowed themselves to be trotted out by him knew they were there to be put on display. https://t.co/0G3RtEKN1B
https://github.com/heranmane/label_studio_images/tree/main/twitter_data/memes/2020_batch_300/1271075396616929280g.png,@Qute_Anon_Babe @soloyochapin @dvillella @realDonaldTrump Whose father was arrested after a KKK gathering? Whose charity was shut down for stealing from kids with cancer? Whose university was shut down for fraud? https://t.co/egV9ENYTgi
https://github.com/heranmane/label_studio_images/tree/main/twitter_data/memes/2020_batch_300/1271404681059880961g.png,@WhiteHouse @realDonaldTrump He forgot many millions of American citizens because he doesn‚Äôt care about anyone but himself and his supporters! #BlackLivesMatter #COVID19LivesMatter https://t.co/BrF5uGZPTJ
https://github.com/heranmane/label_studio_images/tree/main/twitter_data/memes/2020_batch_300/1271632726815358976g.png,"#Starbucks is reversing its position that had prohibited employees from wearing paraphernalia, such as T-shirts or pins, supporting the ""#BlackLivesMatter"" movement https://t.co/9pGmouMetL"
https://github.com/heranmane/label_studio_images/tree/main/twitter_data/memes/2020_batch_300/1271775778770956288g.png,@justinperickson @maryhasjams @jammlinn @f_ficklin @RealCandaceO This is her character ü§¶üèΩ‚Äç‚ôÇÔ∏èü§£ü§£ I could care less about her or BLM money *shrugs* Neither pay my bills! I‚Äôm only asking is this true? Is this her? The pivot and deflect game is hilarious ü§£ https://t.co/Ea3ASr8gHY
https://github.com/heranmane/label_studio_images/tree/main/twitter_data/memes/2020_batch_300/1272415587893940226g.png,#BlueLivesMatter https://t.co/f4bPJ01yIp
https://github.com/heranmane/label_studio_images/tree/main/twitter_data/memes/2020_batch_300/1272509036638998528g.png,To all the UNEDUCATED BLACKS...that actually believe that the Democratic Party gives a shit about YOU !!!! HERES your damn heroes origin on full display !!!! https://t.co/daFpsaLSAY
https://github.com/heranmane/label_studio_images/tree/main/twitter_data/memes/2020_batch_300/1272790008890449921g.png,And something big just happened on the Korean Peninsula. https://t.co/43ZH5SVGJ8
https://github.com/heranmane/label_studio_images/tree/main/twitter_data/memes/2020_batch_300/1273034653407027200g.png,#blacklivesmatter https://t.co/2JiO7n1qLy
https://github.com/heranmane/label_studio_images/tree/main/twitter_data/memes/2020_batch_300/1273380940593725449g.png,"@maniac_shooters @mtgreenee A black man yes, white man no. Right #Karens #VoteOutTheGOP https://t.co/cKf2SVQxFz"
https://github.com/heranmane/label_studio_images/tree/main/twitter_data/memes/2020_batch_300/1273946912530423808g.png,@realDonaldTrump Have you ever heard the voices recorded at a trump rally? Every other shout is a racist slur.... https://t.co/6jwYCWbk8D
https://github.com/heranmane/label_studio_images/tree/main/twitter_data/memes/2020_batch_300/1274207000289656832g.png,@globaltimesnews All courtsey goes to #China created #ChineseVirus19 . People around the globe are dying bcoz of mean Chinese. #ChinaLiedPeopleDie https://t.co/oYkbAUVLHL
https://github.com/heranmane/label_studio_images/tree/main/twitter_data/memes/2020_batch_300/1274208205455781888g.png,"#Republican #WaronDrugs, #CriminalJustice #PoliceBrutality #Democrat #PoliceUnions #Vote #HappyJuneteenth #Juneteenth #Juneteenth2020 #JusticeforGeorgeFloyd #GeorgeFloyd #JusticeforStephonClark #StephonClark https://t.co/VIbfegxjSA"
https://github.com/heranmane/label_studio_images/tree/main/twitter_data/memes/2020_batch_300/1274212441388462080g.png,#MAGA #Trump2020 #StraightPrideParade #SaveTheBabies #draintheswamp #BuildTheWall #AmericaFirst #FourMoreYears #Happy420 #COVID #cnn #FOX #MarchForLife #JoeBidenHasDementia #SaturdayMorning #VoteRedToSaveAmerica2020 https://t.co/zZW0xBae44
https://github.com/heranmane/label_studio_images/tree/main/twitter_data/memes/2020_batch_300/1274379167761600513g.png,Point Blank PERIODT!!!! #BLM MOTHER FUCKERS!!!! https://t.co/nwSEOWVAeC
https://github.com/heranmane/label_studio_images/tree/main/twitter_data/memes/2020_batch_300/1274445545961111552g.png,@Frank_K_Santoyo @leeannkiser @a_cormier_ @MichaelCohen212 Trumpf wouldn‚Äôt really allow a person of color to be that close to himüí©Here‚Äôs his reaction when a black man got close... https://t.co/YCMfh0Vn4I
https://github.com/heranmane/label_studio_images/tree/main/twitter_data/memes/2020_batch_300/1274724499397545987g.png,#BlueLivesMatter #BackTheBlue https://t.co/0Ibuby9hXs
https://github.com/heranmane/label_studio_images/tree/main/twitter_data/memes/2020_batch_300/1274899819316813825g.png,"Fixed the image I have been seeing going around. Yes, while it is important to note that police are killing innocent people, it is also just as important to know that people who break the law don‚Äôt deserve to be killed by police either. #blm https://t.co/LlyA5OqasB"
https://github.com/heranmane/label_studio_images/tree/main/twitter_data/memes/2020_batch_300/1275410889538179072g.png,"ALL BLACK LIVES MATTER, right? ü§î Be well, be blessed. https://t.co/TE95QFDGEK"
https://github.com/heranmane/label_studio_images/tree/main/twitter_data/memes/2020_batch_300/1275979095457832961g.png,White supremacists have no clear concept on how capitalism works. Their analysis is limited to if corporations promotes BLM or LGBTQ then it must be on their side. Exhibit A: https://t.co/6VodbzebPT
https://github.com/heranmane/label_studio_images/tree/main/twitter_data/memes/2020_batch_300/1275983467956678658g.png,#BORNWITHIT #DaTruth #libra #libraseason‚ôéÔ∏è #libramoon #libragang‚ôéÔ∏è #libranation #femalerappers #hiphop #rap #rapmusic #rapartist #newartist #oldartist #indie #indiemusic #indieartist #rapper #rap #rapmusic #consciousrap #blacklivesmatter #thestruggleisreal #wshh #newmusic #music https://t.co/85Qpt3pFuO
https://github.com/heranmane/label_studio_images/tree/main/twitter_data/memes/2020_batch_300/1276392099525439488g.png,@Genemey56 @R2geek Proud black Confederate Soldiers. Destroying black history. Get some history lessons. Making a mockery of respecting black heritage as black Soldiers died fighting for the Confederate south. https://t.co/2ZrS4WBSQ4
https://github.com/heranmane/label_studio_images/tree/main/twitter_data/memes/2020_batch_300/1277294469898022913g.png,He‚Äôs not even trying to hide his racism anymore tweeting a video of people yelling ‚Äúwhite power‚Äù &amp; calling them great people. It doesn‚Äôt get more blatant than this. #trumpisracist #Disgusting https://t.co/dcfS5HPIGY
https://github.com/heranmane/label_studio_images/tree/main/twitter_data/memes/2020_batch_300/1277300598757613570g.png,@ukblm BLM UK = Jew haters! https://t.co/6lTcrUkAaT
https://github.com/heranmane/label_studio_images/tree/main/twitter_data/memes/2020_batch_300/1277644804428627968g.png,"For one second, forget that this murderer is profiting from the death of a child. Tell me again how the #ConfederateFlag isn‚Äôt a symbol of hate? #racism https://t.co/j4KO4w4S3K"
https://github.com/heranmane/label_studio_images/tree/main/twitter_data/memes/2020_batch_300/1277976087624945664g.png,"@ScottPresler @realDonaldTrump üòÇüòÇüòÇA group of almost only white ppl and the one black woman there is now pro Trump?! ü§î Scary, Biden must be shaking in his fancy shoes, the same ones he had on running on the same ramp, 44.5 came down, as if he pooped his pantsü§£ü§£ü§£and made a fuzz abt it during his rally, üò¢ https://t.co/kStRbRt1fW"
https://github.com/heranmane/label_studio_images/tree/main/twitter_data/memes/2020_batch_300/1277988459123077121g.png,7/4/20...all we wanna do is live ‚úäüèΩ Death to the oppression Do me a favor and RT this. #Freedom #BLM #BlackLivesMatter https://t.co/fZp6MaEwmI
https://github.com/heranmane/label_studio_images/tree/main/twitter_data/memes/2020_batch_300/1278417428947570688g.png,#TheOffice #theofficememes #memes #videomemes #blacklivesmatter #prisonindustrialcomplex #prison @ThomasSowell @larryelder https://t.co/rHknLpPK7v
https://github.com/heranmane/label_studio_images/tree/main/twitter_data/memes/2020_batch_300/1278963076012875776g.png,"@w_terrence @realDonaldTrump You'd have to crawl back under your rocks if he didn't make you feel normal. Racist, bigoted, homophobic, misogynist whiny little babies are not wanted in America. Only in hate-fueled trumpistan do you get to play in the sun. #TrumpIsLosing https://t.co/y9tv6FfHg1"
https://github.com/heranmane/label_studio_images/tree/main/twitter_data/memes/2020_batch_300/1279467358218792960g.png,#BlackLivesMatter https://t.co/8afk5GQnLL
https://github.com/heranmane/label_studio_images/tree/main/twitter_data/memes/2020_batch_300/1279820310674501633g.png,Reminder: Kanye West said slavery was a choice. Now he's pulling a Jill Stein to help Trump. How many times does he have to sell out for people to realize he's a race traitor! #kanyewestisoverparty #CancelKanye https://t.co/lehtxSTSWM
https://github.com/heranmane/label_studio_images/tree/main/twitter_data/memes/2020_batch_300/1279846275568066564g.png,"@RudyGiuliani Here's a radical idea; the liberal Nazi's want to erase history, let's erase everything to do with slavery. After all, it's no more, long gone, an era in the past. The past is what it is. Live in the now. This is simply an excuse to socialize a country. #VOTEREDTOSAVEAMERICA https://t.co/XsNZ237j34"
https://github.com/heranmane/label_studio_images/tree/main/twitter_data/memes/2020_batch_300/1280137142564519937g.png,"ATLANTA MAYOR SAID IT GOOD .BLM WONT HAVE SUPPORT OR A AGENDA BECAUSE THEY HAVE NO AGENDA BUT TO LOOT,DESTROY,AND KILL EACH OTHER . CHICAGO GOOD EXAMPLE. BLACK ON BLACK KILLINGS AND NO END .WHERES THE BLM ?? IN SAFE EASY LIBERAL CITIES .ALL LIVES MATTER NOW https://t.co/GyFtdrsr3y"
https://github.com/heranmane/label_studio_images/tree/main/twitter_data/memes/2020_batch_300/1280723416841179136g.png,Multiple times racism shoulda ended https://t.co/IAsakYKbQI
https://github.com/heranmane/label_studio_images/tree/main/twitter_data/memes/2020_batch_300/1281240665544949763g.png,@MikeMelrose01 @yaribangz @TheMightyDino @tyracountryman @TroyWalkeresq When racists ask POC to explain why THEY are racist....... https://t.co/UXiREoKMZI
https://github.com/heranmane/label_studio_images/tree/main/twitter_data/memes/2020_batch_300/1282008780235059201g.png,Who exactly is the #racist??? https://t.co/QRv9GbRsxb
https://github.com/heranmane/label_studio_images/tree/main/twitter_data/memes/2020_batch_300/1282314728430342144g.png,@SenatorLoeffler Black lives matter isn't canceling anyone..your words are trying to limit free speech and protesting when they disagree with them and your new god Mr.TRUMP. I'm white and believe BLACK LIVES MATTER ALL LIVES MATTER PROTESTING AND SPEAKING OUT FOR A CAUSE IS NOT PARTISON https://t.co/4ZwDznqa6q
https://github.com/heranmane/label_studio_images/tree/main/twitter_data/memes/2020_batch_300/1282458980166426624g.png,@OHAOregon Stay out of actual taxpaying Oregonians lives you Soros trained and funded bastards. SIGN THE RECALL PETETION ALREADY. https://t.co/h1C5m7cPNR
https://github.com/heranmane/label_studio_images/tree/main/twitter_data/memes/2020_batch_300/1282464235084083200g.png,These are perfect examples of trumps white trash cult..I hope none of the poor examples of humans dont have children..All this country doesn't need is another generation of undereducated mindless buffoons..I'm Embarrassed that they are citizens of our country... https://t.co/5XWRWRCUQe
https://github.com/heranmane/label_studio_images/tree/main/twitter_data/memes/2020_batch_300/1282936210290343936g.png,"Leave my team and Native Americans alone. The left is just trying to impose themselves. Let history be told correctly, not staged by politics... #Redskins #RedskinsNameChange #NativeAmericans #Indians https://t.co/7qPYZip2vj"
https://github.com/heranmane/label_studio_images/tree/main/twitter_data/memes/2020_batch_300/1282998194511794182g.png,#facts Mad Max Just Mad Because He Have Been Lied To All His Life. It's Funny That Not One #Jew Say That They Are An #Israelite. #Jewish People Please Show Us A Scripture In The #KJV #Bible That Says That You Are A Jew?? We Will Wait!! P.S. Does It Mention Your Color With It? https://t.co/qUNSI70d1k
https://github.com/heranmane/label_studio_images/tree/main/twitter_data/memes/2020_batch_300/1283399846087589888g.png,"Hey Friends! Please join me on Friday July 17 at 1pm for Episode 2 of the American Association of University Women (AAUW), Washington, DC Branch series ‚ÄúRace &amp; Gender: Exploring the Relationship Between White and Black Women.‚Äù https://t.co/SInI4g5qHe"
https://github.com/heranmane/label_studio_images/tree/main/twitter_data/memes/2020_batch_300/1283424427384897536g.png,"@missps_1 This CPR rubberDummy on stretcher has no legs.They used 4 multiple similar faced black men and a CPR Dummy and shot footage several times and spliced footage together for ultimate impact. I even believed it at first. It looked like a Snuff Film for world to see,but was all FAKE https://t.co/I7LzizKnjz"
https://github.com/heranmane/label_studio_images/tree/main/twitter_data/memes/2020_batch_300/1284503570910343168g.png,Geek funny jokes. Even racism from printer. #jokes #geektech https://t.co/vwD9XJxNCv
https://github.com/heranmane/label_studio_images/tree/main/twitter_data/memes/2020_batch_300/1284510788560883712g.png,@JoeBiden So #RacistJoeBiden you've changed your views on #Black Americans as you spearheaded the 1994 Crime Bill that unjustly incarcerated 10s of thousands of black men and you didn't want your kids to go to school with black children? #JohnLewisGoodTrouble #JohnLewisBridge #JohnLewisRIP https://t.co/XyyuGjKF5V
https://github.com/heranmane/label_studio_images/tree/main/twitter_data/memes/2020_batch_300/1284569032570667010g.png,"@senatemajldr @marcorubio Sure about that? This is NOT John Lewis! But then hey, don‚Äôt all black men look like to you white Republicans. Yes I consider Marco a white Republican. He‚Äôs no more Hispanic than my cocker spaniel.#VoteBlueToEndThisNightmare https://t.co/DF4FEsXvjU"
https://github.com/heranmane/label_studio_images/tree/main/twitter_data/memes/2020_batch_300/1285377606959996929g.png,Auntie Maxiiiiiiiine!!! SHE HAD TIME FOR THEM TODAY!! NO #Hero like THIS #Shero ‚úäüèø Rep. Maxine Waters was filmed ensuring that a Black man was safe after he was detained by police in her Los Angeles congressional district. #maxinewaters #blacklivesmatter #shedontplay #superShero https://t.co/0FCcDwT88F
https://github.com/heranmane/label_studio_images/tree/main/twitter_data/memes/2020_batch_300/1285569363840503813g.png,#Muslims #ShariaLaw #Hysteria https://t.co/9FSOb1oD0q
https://github.com/heranmane/label_studio_images/tree/main/twitter_data/memes/2020_batch_300/1286070645621628928g.png,So where are the so called #Patriots or #Nationalist at now? #NRA #Republican #realtalk #Truth #politics #trumpsAmerica #BlackLivesMatters #MinorityLivesMatter #minority #racist #policebrutality #KillerCops #ICantBreath #NoJusticeNoPeace https://t.co/uiAeUSGXJm
https://github.com/heranmane/label_studio_images/tree/main/twitter_data/memes/2020_batch_300/1286777605404778496g.png,@JeffFrick @CTOAdvisor @CNBC @mthiele10 @MS1MN @Scobleizer @rwang0 You mean ‚ÄúChina Virus?‚Äù üòÇ https://t.co/ZkBJRZQqnQ
https://github.com/heranmane/label_studio_images/tree/main/twitter_data/memes/2020_batch_300/1287488676709249024g.png,@HomelandKen Lying Traitor. @potus is #PutinsPuppet #PortlandProtest #GestapoTrump will not prevail. Wrong side of history. #VoteBlueToEndThisNightmare Only whites get the second amendment in your #RacistTrump #RacistGOP https://t.co/QJ3QQWzIOJ
https://github.com/heranmane/label_studio_images/tree/main/twitter_data/memes/2020_batch_300/1288276370477506567g.png,#Branson passing a mask ordinance is making a bunch of ignorant hillbillies very mad. #WearAMaskSaveALife #TrumpStupidityKills #MAGAMorons https://t.co/4zysnZ2dsw
https://github.com/heranmane/label_studio_images/tree/main/twitter_data/memes/2020_batch_300/1288451003621220352g.png,"As a Post 9/11 Afghanistan Veteran from Georgia, I demand to know why you, @sendavidperdue, haven‚Äôt denounced #RussianBounties on the heads of America Soldiers? This is akin to #TREASON. Why are you silent? #TrumpIsATraitor #CorruptAndComplicitGOP #gapol https://t.co/m9R46Lmdn8"
https://github.com/heranmane/label_studio_images/tree/main/twitter_data/memes/2020_batch_300/1288699097902456835g.png,It brings tears to my eyes that we must live in so much fear for our black men &amp; boys. üò¢ https://t.co/kOa6rfkwGm
https://github.com/heranmane/label_studio_images/tree/main/twitter_data/memes/2020_batch_300/1288947706451374081g.png,@Thebattle_won @TalbertSwan @realDonaldTrump Beat it you lying racist fake Christian https://t.co/5kEaG3dCJI
https://github.com/heranmane/label_studio_images/tree/main/twitter_data/memes/2020_batch_300/1290643668517498884g.png,"I don't care if you're Black, White, Latino. wherever you come from No 4-year-old child should be placed on a hot concrete floor face down. A 4 year old was a Threat ? You don't need police training, you need Common sense . üò°üò° #AllLivesMatter #Police https://t.co/0ktTu3cD0B https://t.co/Uh2KJTHqL1"
https://github.com/heranmane/label_studio_images/tree/main/twitter_data/memes/2020_batch_300/1290788370743013377g.png,Democrats are the party of slavery. Learn a little history. #DemocratsTheEnemyWithin https://t.co/D08umH6ccU
https://github.com/heranmane/label_studio_images/tree/main/twitter_data/memes/2020_batch_300/1291477743897468928g.png,It will probably come with the Middle Class tax cut he promised to enact before the 2018 elections. I'm still waiting! #VoteBlueToSaveAmerica #VoteBlueToEndThisNightmare #VoteBlue2020 #VoteBidenToSaveAmerica #VoteBiden2020 #BlackLivesMatter #AmericaOrTrump #TrumpIsUnwell https://t.co/esCWbl5GXR
https://github.com/heranmane/label_studio_images/tree/main/twitter_data/memes/2020_batch_300/1291889316273303552g.png,#racism #racisminamerica #racismisreal #socialinjustice #injustice #racialequality #racialinjustice #discrimination #poc #peopleofcolor #policebrutality #muststop #kneel #kneeling https://t.co/rSevuqnyX5
https://github.com/heranmane/label_studio_images/tree/main/twitter_data/memes/2020_batch_300/1292518817898299393g.png,Kill all men...yeah I am done. BLM is a joke and it needs to go #AllLivesMatter #AmericanLivesMatter https://t.co/OoM52KVcDh
https://github.com/heranmane/label_studio_images/tree/main/twitter_data/memes/2020_batch_300/1292964275242360832g.png,"@KariTacoma @LoveAndyC I also miss Aviva, if only for calling Ramona white trash. Hahahaha that was classic https://t.co/xmiyJ7EIuT"
https://github.com/heranmane/label_studio_images/tree/main/twitter_data/memes/2020_batch_300/1294492955718213632g.png,So men don‚Äôt wipe their ass because they think it‚Äôs gay? https://t.co/qUxwnaSygz
https://github.com/heranmane/label_studio_images/tree/main/twitter_data/memes/2020_batch_300/1294522006310969344g.png,"TRUE! They are a seated in the House and Senate, and they are White Men and Women https://t.co/aQmOy4LvJZ"
https://github.com/heranmane/label_studio_images/tree/main/twitter_data/memes/2020_batch_300/1296474632577482758g.png,"#WhiteLivesMatter #AllLivesMatter But how illogical is #WhiteSupremacy, being held responsible for the acts of your ancestors by folks who accept no responsibility for the acts of themselves &amp; their children, @BrandonStraka‚ÅâÔ∏è (@PressSec @KellyannePolls @SarahHuckabee) https://t.co/6TWVb52TnZ"
https://github.com/heranmane/label_studio_images/tree/main/twitter_data/memes/2020_batch_300/1298497028444561412g.png,@KamalaHarris @JoeBiden loves his Chinese connections https://t.co/TZGYua8P2J
https://github.com/heranmane/label_studio_images/tree/main/twitter_data/memes/2020_batch_300/1298589644033056770g.png,@OmarJimenez talk to Clyde McLemore while you're in Kenosha he heads BLM LAKE COUNTY just say my Name SHORTY. https://t.co/wZkLkkWMTe
https://github.com/heranmane/label_studio_images/tree/main/twitter_data/memes/2020_batch_300/1298682282392326144g.png,@JoeBiden Got your KKK buddies do you? Scum ass LIER https://t.co/bSmdLGlgtc
https://github.com/heranmane/label_studio_images/tree/main/twitter_data/memes/2020_batch_300/1298741734994857985g.png,"Me, a gay, rolling into my English obsessed borderline homophobic mom. üåà‚ú® https://t.co/QNPRyuID5F"
https://github.com/heranmane/label_studio_images/tree/main/twitter_data/memes/2020_batch_300/1299161485797539840g.png,#BLM üíúüíúüò∑üíúüíú https://t.co/eWvHlLFYhp
https://github.com/heranmane/label_studio_images/tree/main/twitter_data/memes/2020_batch_300/1299185693004984321g.png,Can‚Äôt believe people still don‚Äôt get it. #BlackLivesMatter https://t.co/W3O3DVUZVc
https://github.com/heranmane/label_studio_images/tree/main/twitter_data/memes/2020_batch_300/1299190988641103883g.png,#DocRivers Emotional Reaction To The Police Shooting Of #JacobBlake. #blacklivesmatter #WeAreHere #PoliceBrutailty #Justice #InJustice #MrBlackCat1069 #TheShadeRoom #WorldStar #PressPlay #FaceBook #Twitter #Instagram #PostOfTheDay #ViralVideo #FuckDonaldTrump #FuckRacism #NBA https://t.co/FSIo2Qlkgg
https://github.com/heranmane/label_studio_images/tree/main/twitter_data/memes/2020_batch_300/1299206524083073025g.png,#AnthonyHuber was a #patriot that died for our country. #skateforhuber #BlackLivesMatter #NoJusticeNoPeace https://t.co/KbQ7ojgv2e
https://github.com/heranmane/label_studio_images/tree/main/twitter_data/memes/2020_batch_300/1299412012347293702g.png,@MSNBC 91GULF WAR annie foley POW1%MIA and tell satans slaves black supremacy that DONT END UP LIKE NORM and norms funeral https://t.co/I5DcKMvrEG
https://github.com/heranmane/label_studio_images/tree/main/twitter_data/memes/2020_batch_300/1299429397951373313g.png,"It is actually shocking to realize how many people I‚Äôve known for years who are straight up, outright, unabashedly racist. https://t.co/aMuSr6eyec"
https://github.com/heranmane/label_studio_images/tree/main/twitter_data/memes/2020_batch_300/1300119890083315712g.png,#BLM #blacklivesmatter https://t.co/SGICgQGdjO
https://github.com/heranmane/label_studio_images/tree/main/twitter_data/memes/2020_batch_300/1300393887941431301g.png,#fax they ALL fit it !! üñïüèΩKops‚ùóÔ∏è#BLM https://t.co/6eOfkruFdg
https://github.com/heranmane/label_studio_images/tree/main/twitter_data/memes/2020_batch_300/1300635343620800513g.png,"@AlabamaFTBL I‚Äôm wondering, why even play. Use you voices to combat systemic racism and stupid ungrateful fans!! https://t.co/gQtGZcSya1"
https://github.com/heranmane/label_studio_images/tree/main/twitter_data/memes/2020_batch_300/1300805109224439816g.png,@Tshmoov This nigga said ‚Äú d rose ‚Äú better than Westbrook LAUGHS IN UNANIMOUS MVP üò≠üò≠ https://t.co/RXNAw2UM2k
https://github.com/heranmane/label_studio_images/tree/main/twitter_data/memes/2020_batch_300/1301230330418999296g.png,@GoyaFoods @SalvationArmyUS @WhiteHouse @fema You sold your soul for political reason and we will never forget that in the Puerto Rican community!!!! #goyablows https://t.co/9CA7fb7OcN
https://github.com/heranmane/label_studio_images/tree/main/twitter_data/memes/2020_batch_300/1302396559242309633g.png,@freedomtapp @codeofvets Suckers and losers. A racist fascist corrupt con man said that. Patriotic veterans see right through Trump. Stand by to be relieved. https://t.co/JExdguiY0e
https://github.com/heranmane/label_studio_images/tree/main/twitter_data/memes/2020_batch_300/1302583868332048385g.png,@charliekirk11 Trump is a racist. You‚Äôre dumb. You‚Äôre losing. #TrumpIsARacist https://t.co/XuOvCB1z0g
https://github.com/heranmane/label_studio_images/tree/main/twitter_data/memes/2020_batch_300/1303574063902752771g.png,"@AuthorJoeNBrown @Amy_Siskind @bygollygeorge @tommyxtopher @Carrolsargent4 @SJW_Lauren @nicholaslue @PresidentRacist @FoxtrotFoxtrot8 @LIARcalledTRUMP @RacistPigPrez This is dumb because not liking her for being a crappy person doesn‚Äôt make you a racist, just speaking the truth. I guess all the democrats who weren‚Äôt going to vote for her in the primaries were racist tooü§¶üèΩ‚Äç‚ôÇÔ∏è. She polled less then 1%, she was so well liked üòÇüòÇ. #WednesdayWisdom https://t.co/yuHItwrUNo"
https://github.com/heranmane/label_studio_images/tree/main/twitter_data/memes/2020_batch_300/1303790982429921282g.png,Still fucking true today!!!!! Listening to Niggers vs. The Police (Remastered Version) by Richard Pryor on @PandoraMusic https://t.co/2rUuGWuFpw https://t.co/6IWh8PumwY
https://github.com/heranmane/label_studio_images/tree/main/twitter_data/memes/2020_batch_300/1303802118726447109g.png,Slaves carried morality in their heads 1000 years?ü§îü§îü§î https://t.co/DbuDi6dvzt
https://github.com/heranmane/label_studio_images/tree/main/twitter_data/memes/2020_batch_300/1303870355887579136g.png,/brownskinned black women only https://t.co/U621O86A6U
https://github.com/heranmane/label_studio_images/tree/main/twitter_data/memes/2020_batch_300/1303897405109067777g.png,@SenTomCotton We know you're a closeted gay man Tommy boy. Your time in the barrel is coming. https://t.co/7ZXwjWNxAo
https://github.com/heranmane/label_studio_images/tree/main/twitter_data/memes/2020_batch_300/1304159079586320391g.png,#ROC FAM!! Don't sleep on this awesome event hosted this Saturday by @ERASENOW619 ! #BlackLivesMatter #JusticeForDanielPrude https://t.co/lXOiMhsn6U
https://github.com/heranmane/label_studio_images/tree/main/twitter_data/memes/2020_batch_300/1305179203709566982g.png,NO RACISM UNDER THESE FLAGS. THINK ABOUT IT AMERICA * NO QUESTIONS ASKED* https://t.co/PZZDrgvjDf
https://github.com/heranmane/label_studio_images/tree/main/twitter_data/memes/2020_batch_300/1307660268114194433g.png,#BlackLivesMatter https://t.co/MQxPCl4Hpw
https://github.com/heranmane/label_studio_images/tree/main/twitter_data/memes/2020_batch_300/1307706559519166464g.png,"If you want to wake negroes up, just don't bash religion. Show them something better than religion. https://t.co/Ux5NHcMnRv"
https://github.com/heranmane/label_studio_images/tree/main/twitter_data/memes/2020_batch_300/1309153405412282368g.png,@MartinHeinrich Of course there was justice done. The officers were indicted and it went before a grad jury who rendered their decision. Why do you lousy #Democrats not respect the law and seek to divide #Americans? LawAndOrder #DefendThePolice #BackTheBlue @KOB4 @krqe @koat7news @ABQJournal https://t.co/vyTwjjN4ob
https://github.com/heranmane/label_studio_images/tree/main/twitter_data/memes/2020_batch_300/1309639658280833025g.png,"@Katysmuse @TamiSFGiantFan @TNVolFan4evr @FrancisBrennan @DonaldJTrumpJr Which he tanked - just like he bankrupted casinos &amp; failed at EVERY business he has touched. Banks wouldnt touch him anymore - so where did he get the $ from - Russia/Saudis/Chinese - who all ""owns"" him - see Manhattan NY - they have the goods on him. https://t.co/zMoiprm4TB"
https://github.com/heranmane/label_studio_images/tree/main/twitter_data/memes/2020_batch_300/1319130001510465536g.png,Oh please tell me in a chink. These guys call themselves progressive. More like regressive. Dividing seditious commie provocateur. They're colors run the same. https://t.co/pkq9q7otuM
https://github.com/heranmane/label_studio_images/tree/main/twitter_data/memes/2020_batch_300/1320290241849315328g.png,@RepAdamSchiff Who is the CROOKED and RACIST PERSON https://t.co/Et0DwAxG4Q
https://github.com/heranmane/label_studio_images/tree/main/twitter_data/memes/2020_batch_300/1321514515100520448g.png,"It is heartwarming to see Browns, Whites and Robots live together in peace ‚òÆÔ∏è #Election2020 https://t.co/Nz7meevyHS"
https://github.com/heranmane/label_studio_images/tree/main/twitter_data/memes/2020_batch_300/1321966329021300742g.png,@small4lyfe @TheRightMelissa @kkaugare @LilTunechi @realDonaldTrump @POTUS @chelseahandler @JoeBiden Joe Biden is the biggest racist in American politics. https://t.co/qduVOThehx
https://github.com/heranmane/label_studio_images/tree/main/twitter_data/memes/2020_batch_300/1322763451257786369g.png,"@LindseyGrahamSC Yep. We know you don't care about women's rights, gay rights, voting rights or decency. We will remember. https://t.co/4mw0NzMNw7"
https://github.com/heranmane/label_studio_images/tree/main/twitter_data/memes/2020_batch_300/1323752022345162753g.png,They are idiots. Has nothing to do with white supremists. If anything BLM has become black supremists and neither group supports Trump Not only idiots but wicked practicing evil people. Even democratic witch's say they are placing a curse on Trump &amp; voters https://t.co/uGitsCxYod
https://github.com/heranmane/label_studio_images/tree/main/twitter_data/memes/2020_batch_300/1323938182388502528g.png,"@Rik_FIair Yup. When I see shit like this, it infuriates me to no end. Mexicans in Texas could have ended this shit. https://t.co/BihuqT1rZb"
https://github.com/heranmane/label_studio_images/tree/main/twitter_data/memes/2020_batch_300/1324051522334781442g.png,"@GovernorTomWolf You'd think you would cheat f Trump to make sure your fracking, oil, gas and, perhaps coal industries, would stay in business. I guess Biden offered you enough $$ to betray your citizens. Hopefully, BLM and Antifa make an extended visit to your state. #VoterFraudPA https://t.co/x5ILS7TVS6"
https://github.com/heranmane/label_studio_images/tree/main/twitter_data/memes/2020_batch_300/1324054517181239302g.png,they actin gay for the same reason u callin a nigga pumpy ü§£ so tell me how deep was pumpy in ur ass that he got u callin him this üßê https://t.co/Tb1AYCvSV0
https://github.com/heranmane/label_studio_images/tree/main/twitter_data/memes/2020_batch_300/1324072802333433862g.png,A trump supporter attacked me on Instagram for saying I unfollowed people posting racist media https://t.co/dh7N3Aq5sj
https://github.com/heranmane/label_studio_images/tree/main/twitter_data/memes/2020_batch_300/1324696074154471427g.png,"@GramBruh @HarryFo78163448 @realmagahulk Sir states adopted harsher crime laws before the crime bill. Those are talking points, smart people know that conservatives did not care until now to start using that Crime Bill in their discussion. Trump supports racism, end of discussion! https://t.co/6CqN87OMGP"
https://github.com/heranmane/label_studio_images/tree/main/twitter_data/memes/2020_batch_300/1324757122681372672g.png,"@MrLockDown7 @NoCensorNoShame Defending Colin Kaepernick Paul Wall? Verbally saying, typing &amp; retweeting BLM, Paul Wall? https://t.co/SGfVocBH6S"
https://github.com/heranmane/label_studio_images/tree/main/twitter_data/memes/2020_batch_300/1325291331254693888g.png,@therealjusting @FrogFromTheWell @BridgetPhetasy Did you loose family because he hated a black man so much he spent his time in the highest office in the land destroying the previous admins work?! https://t.co/nX2PDmxOhR
https://github.com/heranmane/label_studio_images/tree/main/twitter_data/memes/2020_batch_300/1325720047130644490g.png,"@HamillHimself Along With The People In This Country With The Very Same MINDSET...Its scary &amp; yet confusing how soo many people(Going into 2021)can be on the very same THINKING, HATRED,RACIST, SELFISHNESS SELF CENTERED IGNORANT ASS SHYT! ALL OF THAT IS MORE DEADLY THAN IS VIRUS https://t.co/WSSuP1AJkQ"
https://github.com/heranmane/label_studio_images/tree/main/twitter_data/memes/2020_batch_300/1326552315642347521g.png,"AS #Trump TRIES 2 DESTROY OUR DEMOCRACY, @SenatorLoeffler @sendavidperdue COWER &amp; SHOW. #FlipGeorgiaBlue #FlipGeorgiaSenateSeats #RESIST @Morning_Joe @JoeNBC @morningmika @SteveSchmidtSES @ProjectLincoln @NicolleDWallace @SRuhle @KatyTurNBC #MAGA #BLM #FBR https://t.co/x4qssxmy2P"
https://github.com/heranmane/label_studio_images/tree/main/twitter_data/memes/2020_batch_300/1326583283359027200g.png,"If he is a black gay guy, then I am an old white Christian family man in a small town in Idaho. https://t.co/vrVpHXMVV5"
https://github.com/heranmane/label_studio_images/tree/main/twitter_data/memes/2020_batch_300/1327064909465600000g.png,": Over 50 million unbelievers, world wide has been infected with the wrath of *Allah* Lord God: the coronavirus. Who refuse to worship Him only: The Koran with Parallel Arabic Text. And obey His commandments: the Torah and the Gospel. And return to Him in repentance: The Koran. https://t.co/g1Ry4lJwgx"
https://github.com/heranmane/label_studio_images/tree/main/twitter_data/memes/2020_batch_300/1327125602512547841g.png,Idk how many times people said that they thought I was gay in HS like bitch I‚Äôm straighter than a laser pointer https://t.co/2eJEypTO9Y
https://github.com/heranmane/label_studio_images/tree/main/twitter_data/memes/2020_batch_300/1327250076478156804g.png,"On this beautiful #WorldKindnessDay, if you have the power, you should give give a black woman a raise today. Once again we came through and saved democracy. https://t.co/4tkN23mXBY"
https://github.com/heranmane/label_studio_images/tree/main/twitter_data/memes/2020_batch_300/1327262145038278658g.png,"@KatMeanJean For me, when ""Christians "" started calling all Muslims ‚ò™Ô∏è terrorists because of a few. Then they yell ""the took our jobs when talking about the Hispanic population. Ugh. https://t.co/0ggcK1ynxQ"
https://github.com/heranmane/label_studio_images/tree/main/twitter_data/memes/2020_batch_300/1327286090877833216g.png,@USSupreme_Court @SenateDems @HouseDemocrats @JoeBiden @KamalaHarris @JustinTrudeau Same Sex Marriage is now legal in the North American Continent https://t.co/VDu3ke7xWh
https://github.com/heranmane/label_studio_images/tree/main/twitter_data/memes/2020_batch_300/1327663670462193664g.png,"See the difference. Azerbaijani‚Äôs never destroyed their houses because they new that they would be back home. #Armenia‚Äôns also know the truth that is why they burn illegally built houses on the territory of Kalbajar, #Azerbaijan. #Kalbajar #BurningHome #ecoterrorism #Armenians https://t.co/h16FGpZsL9"
https://github.com/heranmane/label_studio_images/tree/main/twitter_data/memes/2020_batch_300/1328367147718991876g.png,"The great Carter G Woodson. As a fierce lover of African American history one of the thing that saddens me, we put Sports more on a pedestal then we do our own higher-education, but the two go hand-in-hand it's great to be athletic but know who you are HUman, no Who You Are! https://t.co/Tw0o0McUVg"
https://github.com/heranmane/label_studio_images/tree/main/twitter_data/memes/2020_batch_300/1331273946201812993g.png,"President-elect #JoeBiden on Monday unveiled a slate of top foreign policy and national security picks, including the first woman to lead the #US intelligence community and first Latino to helm the Department of Homeland Security. Cuban-born Alejandro Mayorkas https://t.co/vk8O0wFMN2"
https://github.com/heranmane/label_studio_images/tree/main/twitter_data/memes/2020_batch_300/1331419244450377728g.png,Another thing. I found out you were homophobic. Not okay. https://t.co/1EkXw3sNuQ
https://github.com/heranmane/label_studio_images/tree/main/twitter_data/memes/2020_batch_300/1332397535265050629g.png,Today is Native American Heritage Day and to honor the legacy of unity... I will repost this as a reminder to all. #WeAreOne https://t.co/Y2mGwNxpvD
https://github.com/heranmane/label_studio_images/tree/main/twitter_data/memes/2020_batch_300/1332647166612033538g.png,"@Xantabulous1 There are actual videos on Hunter Biden forgotten laptop, that the FBI have had for a year, of Hunter Biden raping and torturing 11 12 year old Chinese girls https://t.co/JgL9k0P99s"
https://github.com/heranmane/label_studio_images/tree/main/twitter_data/memes/2020_batch_300/1334298253559525376g.png,"LMAO how ironic is this, what a dumb fuck. üòÇü§£ü§£ü§£ü§£ #Hungarian #viktororban #gayrights #LGBT #europenews https://t.co/umQ7U3lWnO"
https://github.com/heranmane/label_studio_images/tree/main/twitter_data/memes/2020_batch_300/1334971416563867648g.png,BLACK MAN ORDERS PACKAGES FROM THE BLACK MARKET ü§£ü§£ YALL GO RUN THAT UP FOR ME!!! LINK IN MY BIO üö®üö®üö® https://t.co/b1zQrreUJS
https://github.com/heranmane/label_studio_images/tree/main/twitter_data/memes/2020_batch_300/1335003865368977410g.png,I need my sisters to drop. I cannot afford any more kids!!! What‚Äôs the point of being a 10 star queer if you still dealing with Hetero responsibilities üò≠üò≠üò≠ https://t.co/qov228wQWb
https://github.com/heranmane/label_studio_images/tree/main/twitter_data/memes/2020_batch_300/1335020973981016067g.png,"@daveshackleford Dude, I can‚Äôt help Fucking with them now. Not legit Republicans who can have a decent conversation about politics, the idiots who don‚Äôt wear masks, open carry, are racist, think the election was rigged, and still display a Trump flags. https://t.co/cE9V7EyVmB"
https://github.com/heranmane/label_studio_images/tree/main/twitter_data/memes/2020_batch_300/1335063455435468801g.png,First off *Wondergirl* is is the first ever Latinx superhero! Second off you‚Äôre fine! 90% of characters in the media are straight white males. You‚Äôre not going extinct now open your mind and except diversity because it‚Äôs not all about you bud! https://t.co/Q9azC6NuCp
https://github.com/heranmane/label_studio_images/tree/main/twitter_data/memes/2020_batch_300/1335605031102459907g.png,"Speaking of ‚Äúremembering‚Äù pieces Joe wrote a few months ago, I remember Scrawler regularly conflating the spread of the Coronavirus with Chinese people coming to Canada https://t.co/6k2Ss2rUlt"
https://github.com/heranmane/label_studio_images/tree/main/twitter_data/memes/2020_batch_300/1336675187983601666g.png,"A former Israeli government official has confirmed there is a ""galactic federation"", and that aliens are in contact with humans on earth. #LdnOnt https://t.co/SB0fhaX1ZD"
https://github.com/heranmane/label_studio_images/tree/main/twitter_data/memes/2020_batch_300/1337539028632162306g.png,@IvankaTrump Fake Jews https://t.co/JWmilt2PXb
https://github.com/heranmane/label_studio_images/tree/main/twitter_data/memes/2020_batch_300/1339700893638397954g.png,Niggas out here moaning on Clubhouse but won‚Äôt go to city hall about the re-zoning for their grandmas house. https://t.co/LTu7BTHvQT
https://github.com/heranmane/label_studio_images/tree/main/twitter_data/memes/2020_batch_300/1341024977148129280g.png,"And the Award for DumbA$$ of 2020 goes to.... THIS Guyüëá W-T-F was he thinking... It musta been a Redneck, Here, Hold my Beer Moment or Something...üòÅ https://t.co/bzlUM0JHBg"
https://github.com/heranmane/label_studio_images/tree/main/twitter_data/memes/2020_batch_300/1344512414226681856g.png,#PostcardsToVoters #Resist #IDDEMS #idpol #idyoungdems #SWIdahoNOW #IndivisibleID #DemCastID #DemCastUSA #ReclaimIdaho #BABEVOTE #BlackLivesMatter #MaskUpIdaho #MaskUpUSA #VoteYourOssoff #VoteWarnock #VoteBlackman #GADEM #VoteGA #DemCastGA #DropOffBallotGA #VoteEarlyGA https://t.co/AOw2yYoCiS
