batch,image,text
batch_36,https://raw.githubusercontent.com/heranmane/label_studio_images/main/10k_batches/batch_36/197068-5300255773338359.png,Here's a look at the weather as we head into your Wednesday. Full forecast available anytime at https://iowawx.com/forecast
batch_36,https://raw.githubusercontent.com/heranmane/label_studio_images/main/10k_batches/batch_36/197069-5299767636720506.png,"As we approach drive-time, here's a look at the weather. Temperatures range from 52 in Charles City to 63 in Fort Madison, Keokuk, and Mount Pleasant."
batch_36,https://raw.githubusercontent.com/heranmane/label_studio_images/main/10k_batches/batch_36/197070-5298643596832910.png,Happy Tuesday! Temperatures this morning range from 22 in Fort Dodge to 48 in Keokuk. Have a great day!
batch_36,https://raw.githubusercontent.com/heranmane/label_studio_images/main/10k_batches/batch_36/197071-5298396880190915.png,"It's after 5:30, which means it's time for a check of the radar and temperatures. Statewide, we're ranging from 24 in Estherville and Spencer to 48 in Fort Madison and Keokuk."
batch_36,https://raw.githubusercontent.com/heranmane/label_studio_images/main/10k_batches/batch_36/197072-5297514110279192.png,Here's a look at the weather as we head into your Tuesday. Full forecast available anytime at https://iowawx.com/forecast
batch_36,https://raw.githubusercontent.com/heranmane/label_studio_images/main/10k_batches/batch_36/197073-5297191510311452.png,Monday high temperatures: we ranged from 45 in Sheldon to 64 in Keokuk and Mount Pleasant.
batch_36,https://raw.githubusercontent.com/heranmane/label_studio_images/main/10k_batches/batch_36/197074-5296998320330771.png,"As we approach drive-time, here's a look at the weather. Temperatures range from 42 in Estherville to 63 in 7 locations."
batch_36,https://raw.githubusercontent.com/heranmane/label_studio_images/main/10k_batches/batch_36/197075-5295892327108037.png,Welcome back to the work week! Temperatures this morning range from 30 in Iowa City to 45 in Keokuk. Have a great day!
batch_36,https://raw.githubusercontent.com/heranmane/label_studio_images/main/10k_batches/batch_36/197076-5295662573797679.png,"It's after 5:30, which means it's time for a check of the radar and temperatures. Statewide, we're ranging from 28 in Muscatine to 46 in Council Bluffs."
batch_36,https://raw.githubusercontent.com/heranmane/label_studio_images/main/10k_batches/batch_36/197077-5294871720543431.png,Here's a look at the weather as we head into your Monday. Full forecast available anytime at https://iowawx.com/forecast
batch_36,https://raw.githubusercontent.com/heranmane/label_studio_images/main/10k_batches/batch_36/197078-5294584703905466.png,Sunday high temperatures: we ranged from 50 in Dubuque to 64 in Sioux City.
batch_36,https://raw.githubusercontent.com/heranmane/label_studio_images/main/10k_batches/batch_36/197079-5293312704032666.png,"As we enter the second half of the weekend, temperatures this morning range from 19 in Dubuque to 36 in Fort Madison and Keokuk. Enjoy your Sunday!"
batch_36,https://raw.githubusercontent.com/heranmane/label_studio_images/main/10k_batches/batch_36/197080-5291817954182141.png,Good afternoon. Are you enjoying your weekend? Temperatures currently range from 20 in Dubuque to 38 in Sioux City.
batch_36,https://raw.githubusercontent.com/heranmane/label_studio_images/main/10k_batches/batch_36/197081-5290761377621132.png,Welcome to the weekend. Here's a look at temperatures around the area - we range from -1 in Spencer to 12 in Mount Pleasant. Enjoy your Saturday.
batch_36,https://raw.githubusercontent.com/heranmane/label_studio_images/main/10k_batches/batch_36/197082-5289091284454808.png,"As we approach drive-time, here's a look at the weather. Temperatures range from 13 in Mason City to 28 in Mount Pleasant."
batch_36,https://raw.githubusercontent.com/heranmane/label_studio_images/main/10k_batches/batch_36/197083-5288654667831803.png,"As we sit at the lunch-hour, here's the story out the window... temperatures range from 10 in Sheldon to 32 in Mount Pleasant."
batch_36,https://raw.githubusercontent.com/heranmane/label_studio_images/main/10k_batches/batch_36/197084-5287738871256716.png,"It's after 5:30, which means it's time for a check of the radar and temperatures. Statewide, we're ranging from 10 in Cedar Rapids and Ottumwa to 19 in Charles City and Hampton."
batch_36,https://raw.githubusercontent.com/heranmane/label_studio_images/main/10k_batches/batch_36/197085-5286833441347259.png,Here's a look at the weather as we head into your Friday. Full forecast available anytime at https://iowawx.com/forecast
batch_36,https://raw.githubusercontent.com/heranmane/label_studio_images/main/10k_batches/batch_36/197086-5286496151380988.png,Thursday high temperatures: we ranged from 19 in Cedar Rapids to 34 in Sioux City.
batch_36,https://raw.githubusercontent.com/heranmane/label_studio_images/main/10k_batches/batch_36/197087-5286249768072293.png,"As we approach drive-time, here's a look at the weather. Temperatures range from 18 in Chariton, Centerville, and Fairfield to 33 in Sioux City."
batch_36,https://raw.githubusercontent.com/heranmane/label_studio_images/main/10k_batches/batch_36/197088-5285154851515118.png,"Welcome to Thursday, Iowa! Taking a look at the weather this morning, temperatures range from 9 in Sheldon to 21 in Mount Pleasant. Have a great day!"
batch_36,https://raw.githubusercontent.com/heranmane/label_studio_images/main/10k_batches/batch_36/197089-5284894621541141.png,"It's after 5:30, which means it's time for a check of the radar and temperatures. Statewide, we're ranging from 10 in Decorah, Sheldon, and Sioux County to 21 in Keokuk and Mount Pleasant."
batch_36,https://raw.githubusercontent.com/heranmane/label_studio_images/main/10k_batches/batch_36/197090-5284000838297186.png,Here's a look at the weather as we head into your Thursday. Full forecast available anytime at https://iowawx.com/forecast
batch_36,https://raw.githubusercontent.com/heranmane/label_studio_images/main/10k_batches/batch_36/197091-5283449435018993.png,"As we approach drive-time, here's a look at the weather. Temperatures range from 18 in Sheldon and Sioux County to 36 in Fort Madison."
batch_36,https://raw.githubusercontent.com/heranmane/label_studio_images/main/10k_batches/batch_36/197092-5283341635029773.png,It's afternoon over Sioux City... here's a look outside. The airport is reporting partly cloudy and 25.
batch_36,https://raw.githubusercontent.com/heranmane/label_studio_images/main/10k_batches/batch_36/197093-5283000235063913.png,"As we sit at the lunch-hour, here's the story out the window... temperatures range from 19 in Estherville to 37 in Keokuk."
batch_36,https://raw.githubusercontent.com/heranmane/label_studio_images/main/10k_batches/batch_36/197094-5282383345125602.png,It's Wednesday. Here's how temperatures are looking: ranging from 12 in Sheldon to 32 in Mount Pleasant. Have a great day!
batch_36,https://raw.githubusercontent.com/heranmane/label_studio_images/main/10k_batches/batch_36/197095-5282134461817157.png,"It's after 5:30, which means it's time for a check of the radar and temperatures. Statewide, we're ranging from 16 in Sheldon to 30 in Mount Pleasant."
batch_36,https://raw.githubusercontent.com/heranmane/label_studio_images/main/10k_batches/batch_36/197096-5280940778603192.png,Tuesday high temperatures: we ranged from 33 in Cedar Rapids and Dubuque to 50 in Shenandoah and Sioux City.
batch_36,https://raw.githubusercontent.com/heranmane/label_studio_images/main/10k_batches/batch_36/197097-5280276618669608.png,"As we sit at the lunch-hour, here's the story out the window... temperatures range from 30 in Cedar Rapids and Dubuque to 44 in Sioux City."
batch_36,https://raw.githubusercontent.com/heranmane/label_studio_images/main/10k_batches/batch_36/197098-5279347035429233.png,"It's after 5:30, which means it's time for a check of the radar and temperatures. Statewide, we're ranging from 5 in Monticello to 23 in Estherville and Spencer."
batch_36,https://raw.githubusercontent.com/heranmane/label_studio_images/main/10k_batches/batch_36/197099-5278495788847691.png,Here's a look at the weather as we head into your Tuesday. Full forecast available anytime at https://iowawx.com/forecast
batch_36,https://raw.githubusercontent.com/heranmane/label_studio_images/main/10k_batches/batch_36/1971-374945701336200.png,"Pat, pat, pat...Little Star's soft feet tiptoed to the Big Mooncake. Little Star loves the delicious Mooncake that she bakes with her mama. But she's not supposed to eat any yet! What happens when she can't resist a nibble?In this stunning picture book that shines as bright as the stars in the sky, Newbery Honor author Grace Lin creates a heartwarming original story that explains phases of the moon. https://moms.ly/3G7QaWr:=:https://bookshop.org/books/a-big-mooncake-for-little-star/9780316404488"
batch_36,https://raw.githubusercontent.com/heranmane/label_studio_images/main/10k_batches/batch_36/19710-10159563042314061.png,Great news: Governor Michelle Lujan Grisham just endorsed Think New Mexico's proposal to repeal the tax on Social Security income during her State of the State address!
batch_36,https://raw.githubusercontent.com/heranmane/label_studio_images/main/10k_batches/batch_36/197100-5278145132216090.png,Monday high temperatures: we ranged from 28 in Creston and Oelwein to 37 in Sioux City.
batch_36,https://raw.githubusercontent.com/heranmane/label_studio_images/main/10k_batches/batch_36/197101-5277951092235494.png,"As we approach drive-time, here's a look at the weather. Temperatures range from 28 in Cedar Rapids, Clinton, and Dubuque to 36 in Sioux City."
batch_36,https://raw.githubusercontent.com/heranmane/label_studio_images/main/10k_batches/batch_36/197102-5277533412277262.png,"As we sit at the lunch-hour, here's the story out the window... temperatures range from 25 in Oelwein to 32 in Clinton, Fort Dodge, Hampton, and Mount Pleasant."
batch_36,https://raw.githubusercontent.com/heranmane/label_studio_images/main/10k_batches/batch_36/197103-5274269079270362.png,"As we enter the second half of the weekend, temperatures this morning range from 21 in Le Mars and Sheldon to 34 in Fort Madison. Enjoy your Sunday!"
batch_36,https://raw.githubusercontent.com/heranmane/label_studio_images/main/10k_batches/batch_36/197104-5274021235961813.png,"It's after 5:30, which means it's time for a check of the radar and temperatures. Statewide, we're ranging from 21 in Storm Lake to 34 in Burlington."
batch_36,https://raw.githubusercontent.com/heranmane/label_studio_images/main/10k_batches/batch_36/197105-5273139652716638.png,Here's a look at the weather as we head into your Sunday. Full forecast available anytime at https://iowawx.com/forecast
batch_36,https://raw.githubusercontent.com/heranmane/label_studio_images/main/10k_batches/batch_36/197106-5272828666081070.png,Saturday high temperatures: we ranged from 42 in Estherville to 73 in Keokuk.
batch_36,https://raw.githubusercontent.com/heranmane/label_studio_images/main/10k_batches/batch_36/197107-5271586172871986.png,Welcome to the weekend. Here's a look at temperatures around the area - we range from 34 in Sheldon to 59 in Centerville and Knoxville. Enjoy your Saturday.
batch_36,https://raw.githubusercontent.com/heranmane/label_studio_images/main/10k_batches/batch_36/197108-5270748776289059.png,Rain continues over the state tonight and is moving northeast. Flash flooding may be possible in southwest Iowa where rainfall rates of 1‚Äù an hour are possible. #iawx
batch_36,https://raw.githubusercontent.com/heranmane/label_studio_images/main/10k_batches/batch_36/19711-5739641696051581.png,Cherokee County School District will be closed April 4-8 for Spring Break.
batch_36,https://raw.githubusercontent.com/heranmane/label_studio_images/main/10k_batches/batch_36/197110-5270128476351089.png,Friday high temperatures: we ranged from 39 in Charles City and Decorah to 64 in Clarinda and Shenandoah.
batch_36,https://raw.githubusercontent.com/heranmane/label_studio_images/main/10k_batches/batch_36/197111-5269920066371930.png,"As we approach drive-time, here's a look at the weather. Temperatures range from 37 in Decorah to 64 in Shenandoah."
batch_36,https://raw.githubusercontent.com/heranmane/label_studio_images/main/10k_batches/batch_36/197112-5269640396399897.png,"As we hit the afternoon, here's a look at the remainder of the day in Sioux City. Get the latest forecast anytime at https://iowawx.com/forecast"
batch_36,https://raw.githubusercontent.com/heranmane/label_studio_images/main/10k_batches/batch_36/197113-5269472999749970.png,"As we sit at the lunch-hour, here's the story out the window... temperatures range from 36 in Charles City, Decorah, and Forest City to 57 in Shenandoah."
batch_36,https://raw.githubusercontent.com/heranmane/label_studio_images/main/10k_batches/batch_36/197114-5269307989766471.png,"As we approach the noon hour on this Friday, here's an early look at your weekend weather forecast:"
batch_36,https://raw.githubusercontent.com/heranmane/label_studio_images/main/10k_batches/batch_36/197115-5269083119788958.png,It's morning over Sioux City... here's a look outside. The airport is reporting sunny and 31.
batch_36,https://raw.githubusercontent.com/heranmane/label_studio_images/main/10k_batches/batch_36/197116-5268803776483559.png,"Happy Friday! We're almost to the weekend. As you head out the door this morning, temperatures range from 23 in Perry to 32 in Shenandoah. Have a great day!"
batch_36,https://raw.githubusercontent.com/heranmane/label_studio_images/main/10k_batches/batch_36/197117-5268533646510572.png,"It's after 5:30, which means it's time for a check of the radar and temperatures. Statewide, we're ranging from 21 in Perry to 30 in Clarinda, Red Oak, and Shenandoah."
batch_36,https://raw.githubusercontent.com/heranmane/label_studio_images/main/10k_batches/batch_36/197118-5267590853271518.png,Here's a look at the weather as we head into your Friday. Full forecast available anytime at https://iowawx.com/forecast
batch_36,https://raw.githubusercontent.com/heranmane/label_studio_images/main/10k_batches/batch_36/197119-5267256699971600.png,Thursday high temperatures: we ranged from 29 in Estherville and Mason City to 52 in Shenandoah.
batch_36,https://raw.githubusercontent.com/heranmane/label_studio_images/main/10k_batches/batch_36/19712-2558224857647101.png,"SaTiRe, not news."
batch_36,https://raw.githubusercontent.com/heranmane/label_studio_images/main/10k_batches/batch_36/197120-5267056929991577.png,"As we approach drive-time, here's a look at the weather. Temperatures range from 28 in Estherville and Mason City to 50 in Clarinda and Shenandoah."
batch_36,https://raw.githubusercontent.com/heranmane/label_studio_images/main/10k_batches/batch_36/197121-5266627423367861.png,"As we sit at the lunch-hour, here's the story out the window... temperatures range from 27 in Estherville to 46 in Clarinda, Red Oak, and Shenandoah."
batch_36,https://raw.githubusercontent.com/heranmane/label_studio_images/main/10k_batches/batch_36/197122-5266179980079272.png,Drought monitor as of March 1: Drought increasing in coverage over the state. ‚ñ™Ô∏è Moderate (D1): 35.70% (+7.91%) ‚ñ™Ô∏è Abn. Dry (D0): 92.08% (+11.62%) Latest info: https://iowawx.com/dss/drought
batch_36,https://raw.githubusercontent.com/heranmane/label_studio_images/main/10k_batches/batch_36/197123-5265708963459707.png,"It's after 5:30, which means it's time for a check of the radar and temperatures. Statewide, we're ranging from 25 in Decorah, Sheldon, and Storm Lake to 34 in Burlington."
batch_36,https://raw.githubusercontent.com/heranmane/label_studio_images/main/10k_batches/batch_36/197124-5264822343548369.png,Here's a look at the weather as we head into your Thursday. Full forecast available anytime at https://iowawx.com/forecast
batch_36,https://raw.githubusercontent.com/heranmane/label_studio_images/main/10k_batches/batch_36/197125-5264482496915687.png,Wednesday high temperatures: we ranged from 45 in Estherville to 79 in Shenandoah.
batch_36,https://raw.githubusercontent.com/heranmane/label_studio_images/main/10k_batches/batch_36/197126-5264264636937473.png,"As we approach drive-time, here's a look at the weather. Temperatures range from 35 in Estherville to 77 in Shenandoah."
batch_36,https://raw.githubusercontent.com/heranmane/label_studio_images/main/10k_batches/batch_36/197127-5263788563651747.png,"As we sit at the lunch-hour, here's the story out the window... temperatures range from 44 in Estherville to 73 in Atlantic, Council Bluffs, and Red Oak."
batch_36,https://raw.githubusercontent.com/heranmane/label_studio_images/main/10k_batches/batch_36/197128-5263119913718612.png,"It's Wednesday. Here's how temperatures are looking: ranging from 27 in Le Mars, Sheldon, and Sioux County to 44 in Lamoni. Have a great day!"
batch_36,https://raw.githubusercontent.com/heranmane/label_studio_images/main/10k_batches/batch_36/197129-5262868623743741.png,"It's after 5:30, which means it's time for a check of the radar and temperatures. Statewide, we're ranging from 27 in Sheldon to 41 in Lamoni."
batch_36,https://raw.githubusercontent.com/heranmane/label_studio_images/main/10k_batches/batch_36/197130-5261989540498316.png,Here's a look at the weather as we head into your Wednesday. Full forecast available anytime at https://iowawx.com/forecast
batch_36,https://raw.githubusercontent.com/heranmane/label_studio_images/main/10k_batches/batch_36/197131-5261664760530794.png,Tuesday high temperatures: we ranged from 43 in Decorah to 72 in Sioux City.
batch_36,https://raw.githubusercontent.com/heranmane/label_studio_images/main/10k_batches/batch_36/197132-5261457797218157.png,"As we approach drive-time, here's a look at the weather. Temperatures range from 41 in Decorah to 72 in Clarinda, Council Bluffs, and Shenandoah."
batch_36,https://raw.githubusercontent.com/heranmane/label_studio_images/main/10k_batches/batch_36/197133-5261014107262526.png,"As we sit at the lunch-hour, here's the story out the window... temperatures range from 41 in Decorah to 66 in Shenandoah."
batch_36,https://raw.githubusercontent.com/heranmane/label_studio_images/main/10k_batches/batch_36/197134-5259158617448075.png,Here's a look at the weather as we head into your Tuesday. Full forecast available anytime at https://iowawx.com/forecast
batch_36,https://raw.githubusercontent.com/heranmane/label_studio_images/main/10k_batches/batch_36/197135-5258847814145822.png,Monday high temperatures: we ranged from 46 in Decorah to 69 in Sioux City.
batch_36,https://raw.githubusercontent.com/heranmane/label_studio_images/main/10k_batches/batch_36/197136-5258649624165641.png,"As we approach drive-time, here's a look at the weather. Temperatures range from 45 in Decorah to 68 in Sioux City."
batch_36,https://raw.githubusercontent.com/heranmane/label_studio_images/main/10k_batches/batch_36/197137-5257812800915990.png,It's morning over Sioux City... here's a look outside. The airport is reporting sunny and 33.
batch_36,https://raw.githubusercontent.com/heranmane/label_studio_images/main/10k_batches/batch_36/197138-5257542520943018.png,Welcome back to the work week! Temperatures this morning range from 19 in Atlantic and Clarinda to 36 in Fort Madison. Have a great day!
batch_36,https://raw.githubusercontent.com/heranmane/label_studio_images/main/10k_batches/batch_36/197139-5257285554302048.png,"It's after 5:30, which means it's time for a check of the radar and temperatures. Statewide, we're ranging from 18 in Audubon to 36 in Fort Madison."
batch_36,https://raw.githubusercontent.com/heranmane/label_studio_images/main/10k_batches/batch_36/19714-5247344388638242.png,"Congratulations to Elliott Strain, who was recently promoted to Director of Engineering! Get to know Elliott and the important roles he's played while he‚Äôs been with #SiouxSteel. #JoinOurTeam! If you'd like to join our #SiouxSteelFamily, visit www.siouxsteel.com/meet-sioux-steel/careers:=:https://www.siouxsteel.com/meet-sioux-steel/careers to learn more about our openings and how to apply. #familyowned #since1918"
batch_36,https://raw.githubusercontent.com/heranmane/label_studio_images/main/10k_batches/batch_36/197140-5256451214385482.png,Here's a look at the weather as we head into your Monday. Full forecast available anytime at https://iowawx.com/forecast
batch_36,https://raw.githubusercontent.com/heranmane/label_studio_images/main/10k_batches/batch_36/197141-5256138614416742.png,Sunday high temperatures: we ranged from 32 in Decorah to 58 in Sioux City.
batch_36,https://raw.githubusercontent.com/heranmane/label_studio_images/main/10k_batches/batch_36/197142-5255957171101553.png,"Good afternoon. As your Sunday afternoon rolls on, temperatures range from 32 in Decorah to 58 in Sioux City."
batch_36,https://raw.githubusercontent.com/heranmane/label_studio_images/main/10k_batches/batch_36/197143-5255598667804070.png,"As we hit the afternoon, here's a look at the remainder of the day in Sioux City. Get the latest forecast anytime at https://iowawx.com/forecast"
batch_36,https://raw.githubusercontent.com/heranmane/label_studio_images/main/10k_batches/batch_36/197144-5255434824487121.png,"As we sit at the lunch-hour, here's the story out the window... temperatures range from 30 in Decorah to 50 in Red Oak and Shenandoah."
batch_36,https://raw.githubusercontent.com/heranmane/label_studio_images/main/10k_batches/batch_36/197145-5254768607887076.png,"As we enter the second half of the weekend, temperatures this morning range from 10 in Atlantic to 27 in Fort Madison and Mount Pleasant. Enjoy your Sunday!"
batch_36,https://raw.githubusercontent.com/heranmane/label_studio_images/main/10k_batches/batch_36/197146-5253607544669849.png,Here's a look at the weather as we head into your Sunday. Full forecast available anytime at https://iowawx.com/forecast
batch_36,https://raw.githubusercontent.com/heranmane/label_studio_images/main/10k_batches/batch_36/197147-5253093674721236.png,Good afternoon. Are you enjoying your weekend? Temperatures currently range from 28 in Decorah to 50 in Sioux City.
batch_36,https://raw.githubusercontent.com/heranmane/label_studio_images/main/10k_batches/batch_36/197148-5252657014764902.png,"As we sit at the lunch-hour, here's the story out the window... temperatures range from 23 in Decorah to 41 in Sioux City."
batch_36,https://raw.githubusercontent.com/heranmane/label_studio_images/main/10k_batches/batch_36/197149-5251722308191706.png,"It's after 5:30, which means it's time for a check of the radar and temperatures. Statewide, we're ranging from -4 in Monticello to 14 in Council Bluffs and Sioux City."
batch_36,https://raw.githubusercontent.com/heranmane/label_studio_images/main/10k_batches/batch_36/19715-1193766708118908.png,Country engineering is fascinating. #country #redneck #camping #campinglife #creative #creativelifehappylife #america #trucklife #engineering
batch_36,https://raw.githubusercontent.com/heranmane/label_studio_images/main/10k_batches/batch_36/197150-5250821721615098.png,Here's a look at the weather as we head into your Saturday. Full forecast available anytime at https://iowawx.com/forecast
batch_36,https://raw.githubusercontent.com/heranmane/label_studio_images/main/10k_batches/batch_36/197151-5250308284999775.png,"As we approach drive-time, here's a look at the weather. Temperatures range from 10 in Sheldon to 25 in Mount Pleasant."
batch_36,https://raw.githubusercontent.com/heranmane/label_studio_images/main/10k_batches/batch_36/197152-5249830328380904.png,"As we sit at the lunch-hour, here's the story out the window... temperatures range from 7 in Sheldon and Sioux County to 24 in Clinton."
batch_36,https://raw.githubusercontent.com/heranmane/label_studio_images/main/10k_batches/batch_36/197154-5247914218572515.png,Here's a look at the weather as we head into your Friday. Full forecast available anytime at https://iowawx.com/forecast
batch_36,https://raw.githubusercontent.com/heranmane/label_studio_images/main/10k_batches/batch_36/197155-5247573971939873.png,Thursday high temperatures: we ranged from 7 in Sheldon to 27 in Mount Pleasant and Muscatine.
batch_36,https://raw.githubusercontent.com/heranmane/label_studio_images/main/10k_batches/batch_36/197156-5246882868675650.png,"As we sit at the lunch-hour, here's the story out the window... temperatures range from 5 in Sioux County to 27 in Mount Pleasant."
batch_36,https://raw.githubusercontent.com/heranmane/label_studio_images/main/10k_batches/batch_36/197157-5246410578722879.png,Drought monitor as of February 22: ‚ñ™Ô∏è Moderate (D1): 27.79 (-0.02) ‚ñ™Ô∏è Abn. Dry (D0): 80.46 (-0.38) Latest info: https://iowawx.com/dss/drought
batch_36,https://raw.githubusercontent.com/heranmane/label_studio_images/main/10k_batches/batch_36/197158-5245933658770571.png,"It's after 5:30, which means it's time for a check of the radar and temperatures. Statewide, we're ranging from -4 in Sioux County to 21 in Mount Pleasant."
batch_36,https://raw.githubusercontent.com/heranmane/label_studio_images/main/10k_batches/batch_36/197159-5244967202200550.png,Here's a look at the weather as we head into your Thursday. Full forecast available anytime at https://iowawx.com/forecast
batch_36,https://raw.githubusercontent.com/heranmane/label_studio_images/main/10k_batches/batch_36/197160-5244609362236334.png,"Wednesday high temperatures: we ranged from 7 in Algona, Forest City, and Sioux County to 21 in Mount Pleasant and Oskaloosa."
batch_36,https://raw.githubusercontent.com/heranmane/label_studio_images/main/10k_batches/batch_36/197161-5244383388925598.png,"As we approach drive-time, here's a look at the weather. Temperatures range from 5 in Forest City to 20 in Quad Cities."
batch_36,https://raw.githubusercontent.com/heranmane/label_studio_images/main/10k_batches/batch_36/197163-5243110272386243.png,It's Wednesday. Here's how temperatures are looking: ranging from -9 in Sheldon to 9 in Mount Pleasant and Muscatine. Have a great day!
batch_36,https://raw.githubusercontent.com/heranmane/label_studio_images/main/10k_batches/batch_36/197164-5241777285852875.png,Here's a look at the weather as we head into your Wednesday. Full forecast available anytime at https://iowawx.com/forecast
batch_36,https://raw.githubusercontent.com/heranmane/label_studio_images/main/10k_batches/batch_36/197165-5241155355915068.png,"As we approach drive-time, here's a look at the weather. Temperatures range from 3 in Estherville to 24 in Clinton and Quad Cities."
batch_36,https://raw.githubusercontent.com/heranmane/label_studio_images/main/10k_batches/batch_36/197166-5240646719299265.png,"As we sit at the lunch-hour, here's the story out the window... temperatures range from 3 in Sioux County to 30 in Clinton."
batch_36,https://raw.githubusercontent.com/heranmane/label_studio_images/main/10k_batches/batch_36/197167-5239883559375581.png,Happy Tuesday! Temperatures this morning range from 1 in Sioux County to 39 in Keokuk. Have a great day!
batch_36,https://raw.githubusercontent.com/heranmane/label_studio_images/main/10k_batches/batch_36/197168-5239548346075769.png,"It's after 5:30, which means it's time for a check of the radar and temperatures. Statewide, we're ranging from 5 in Sheldon and Sioux County to 46 in Keokuk."
batch_36,https://raw.githubusercontent.com/heranmane/label_studio_images/main/10k_batches/batch_36/197169-5238543876176216.png,Here's a look at the weather as we head into your Tuesday. Full forecast available anytime at https://iowawx.com/forecast
batch_36,https://raw.githubusercontent.com/heranmane/label_studio_images/main/10k_batches/batch_36/19717-5040521665958101.png,üö® FULL FIGHT CARD üö® Join us for our 1st event of 2022 @thestatler üéü ON SALE MONDAY 1/10 üôåüèª Xtremeknockout.com
batch_36,https://raw.githubusercontent.com/heranmane/label_studio_images/main/10k_batches/batch_36/197170-5238184356212168.png,Monday high temperatures: we ranged from 27 in Sheldon to 63 in Oskaloosa.
batch_36,https://raw.githubusercontent.com/heranmane/label_studio_images/main/10k_batches/batch_36/197171-5237968776233726.png,"As we approach drive-time, here's a look at the weather. Temperatures range from 21 in Sheldon and Sioux County to 62 in Lamoni."
batch_36,https://raw.githubusercontent.com/heranmane/label_studio_images/main/10k_batches/batch_36/197172-5237460466284557.png,"As we sit at the lunch-hour, here's the story out the window... temperatures range from 27 in Sheldon to 60 in Oskaloosa."
batch_36,https://raw.githubusercontent.com/heranmane/label_studio_images/main/10k_batches/batch_36/197173-5236413603055910.png,"It's after 5:30, which means it's time for a check of the radar and temperatures. Statewide, we're ranging from 21 in Sioux County to 43 in Keokuk."
batch_36,https://raw.githubusercontent.com/heranmane/label_studio_images/main/10k_batches/batch_36/197174-5233569660006971.png,"As we enter the second half of the weekend, temperatures this morning range from 27 in Sheldon to 45 in Oskaloosa. Enjoy your Sunday!"
batch_36,https://raw.githubusercontent.com/heranmane/label_studio_images/main/10k_batches/batch_36/197175-5233284030035534.png,"It's after 5:30, which means it's time for a check of the radar and temperatures. Statewide, we're ranging from 22 in Dubuque to 42 in Oskaloosa."
batch_36,https://raw.githubusercontent.com/heranmane/label_studio_images/main/10k_batches/batch_36/197176-5232299376800666.png,Here's a look at the weather as we head into your Sunday. Full forecast available anytime at https://iowawx.com/forecast
batch_36,https://raw.githubusercontent.com/heranmane/label_studio_images/main/10k_batches/batch_36/197177-5231946226835981.png,Saturday high temperatures: we ranged from 19 in Dubuque to 39 in Sioux City.
batch_36,https://raw.githubusercontent.com/heranmane/label_studio_images/main/10k_batches/batch_36/197178-5231274806903123.png,"As we sit at the lunch-hour, here's the story out the window... temperatures range from 12 in Dubuque to 28 in Shenandoah."
batch_36,https://raw.githubusercontent.com/heranmane/label_studio_images/main/10k_batches/batch_36/197179-5230526300311307.png,"Welcome to the weekend. Here's a look at temperatures around the area - we range from 0 in Sheldon to 12 in Clarinda, Centerville, and Mount Pleasant. Enjoy your Saturday."
batch_36,https://raw.githubusercontent.com/heranmane/label_studio_images/main/10k_batches/batch_36/19718-3022849844693090.png,That's a big 10-4 and DHS Sec Mayorkas is well aware of this.
batch_36,https://raw.githubusercontent.com/heranmane/label_studio_images/main/10k_batches/batch_36/197180-5230225800341357.png,"It's after 5:30, which means it's time for a check of the radar and temperatures. Statewide, we're ranging from 0 in Sheldon to 14 in Clarinda, Centerville, and Shenandoah."
batch_36,https://raw.githubusercontent.com/heranmane/label_studio_images/main/10k_batches/batch_36/197181-5229117927118811.png,Here's a look at the weather as we head into your Saturday. Full forecast available anytime at https://iowawx.com/forecast
batch_36,https://raw.githubusercontent.com/heranmane/label_studio_images/main/10k_batches/batch_36/197182-5228775853819685.png,Friday high temperatures: we ranged from 33 in Burlington to 60 in Sioux City.
batch_36,https://raw.githubusercontent.com/heranmane/label_studio_images/main/10k_batches/batch_36/197183-5228566523840618.png,"As we approach drive-time, here's a look at the weather. Temperatures range from 32 in Burlington, Forest City, and Mason City to 57 in Council Bluffs."
batch_36,https://raw.githubusercontent.com/heranmane/label_studio_images/main/10k_batches/batch_36/197184-5228244543872816.png,"As we hit the afternoon, here's a look at the remainder of the day in Sioux City. Get the latest forecast anytime at https://iowawx.com/forecast"
batch_36,https://raw.githubusercontent.com/heranmane/label_studio_images/main/10k_batches/batch_36/197185-5228058510558086.png,"As we sit at the lunch-hour, here's the story out the window... temperatures range from 22 in Burlington to 53 in Sioux City."
batch_36,https://raw.githubusercontent.com/heranmane/label_studio_images/main/10k_batches/batch_36/197186-5225569114140359.png,Thursday high temperatures: we ranged from 16 in Algona to 33 in Quad Cities.
batch_36,https://raw.githubusercontent.com/heranmane/label_studio_images/main/10k_batches/batch_36/197187-5224711950892742.png,"As we sit at the lunch-hour, here's the story out the window... temperatures range from 6 in Mason City to 23 in Muscatine."
batch_36,https://raw.githubusercontent.com/heranmane/label_studio_images/main/10k_batches/batch_36/197188-5224173930946544.png,Drought monitor as of February 15: ‚ñ™Ô∏è Moderate (D1): 27.81 (9.09) ‚ñ™Ô∏è Abn. Dry (D0): 80.84 (9.53) Latest info: https://iowawx.com/dss/drought
batch_36,https://raw.githubusercontent.com/heranmane/label_studio_images/main/10k_batches/batch_36/197189-5223938274303443.png,"Welcome to Thursday, Iowa! Taking a look at the weather this morning, temperatures range from 1 in Sheldon to 27 in Mount Pleasant and Muscatine. Have a great day!"
batch_36,https://raw.githubusercontent.com/heranmane/label_studio_images/main/10k_batches/batch_36/19719-1354934074989829.png,D-I-S-G-U-S-T-I-N-G!!! He should be censured.
batch_36,https://raw.githubusercontent.com/heranmane/label_studio_images/main/10k_batches/batch_36/197190-5223623041001633.png,"It's after 5:30, which means it's time for a check of the radar and temperatures. Statewide, we're ranging from 3 in Sheldon to 28 in Mount Pleasant."
batch_36,https://raw.githubusercontent.com/heranmane/label_studio_images/main/10k_batches/batch_36/197191-5222601161103821.png,Here's a look at the weather as we head into your Thursday. Full forecast available anytime at https://iowawx.com/forecast
batch_36,https://raw.githubusercontent.com/heranmane/label_studio_images/main/10k_batches/batch_36/197192-5222210121142925.png,Wednesday high temperatures: we ranged from 28 in Sheldon to 63 in Lamoni.
batch_36,https://raw.githubusercontent.com/heranmane/label_studio_images/main/10k_batches/batch_36/197193-5221447291219208.png,"As we sit at the lunch-hour, here's the story out the window... temperatures range from 26 in Estherville to 62 in Lamoni."
batch_36,https://raw.githubusercontent.com/heranmane/label_studio_images/main/10k_batches/batch_36/197194-5220659731297964.png,"It's Wednesday. Here's how temperatures are looking: ranging from 23 in Sheldon to 48 in Centerville, Keokuk, and Knoxville. Have a great day!"
batch_36,https://raw.githubusercontent.com/heranmane/label_studio_images/main/10k_batches/batch_36/197195-5220370124660258.png,"It's after 5:30, which means it's time for a check of the radar and temperatures. Statewide, we're ranging from 25 in Sheldon and Sioux County to 50 in Keokuk."
batch_36,https://raw.githubusercontent.com/heranmane/label_studio_images/main/10k_batches/batch_36/197196-5219381934759077.png,Here's a look at the weather as we head into your Wednesday. Full forecast available anytime at https://iowawx.com/forecast
batch_36,https://raw.githubusercontent.com/heranmane/label_studio_images/main/10k_batches/batch_36/197197-5219008164796454.png,Tuesday high temperatures: we ranged from 34 in Decorah to 64 in Shenandoah.
batch_36,https://raw.githubusercontent.com/heranmane/label_studio_images/main/10k_batches/batch_36/197198-5218782238152380.png,"As we approach drive-time, here's a look at the weather. Temperatures range from 34 in Decorah to 63 in Shenandoah."
batch_36,https://raw.githubusercontent.com/heranmane/label_studio_images/main/10k_batches/batch_36/197199-5218273598203244.png,"As we sit at the lunch-hour, here's the story out the window... temperatures range from 28 in Mason City to 52 in Clarinda, Red Oak, and Shenandoah."
batch_36,https://raw.githubusercontent.com/heranmane/label_studio_images/main/10k_batches/batch_36/1972-394507322709097.png,Rikers is an abomination and a stain on the soul of NYC.
batch_36,https://raw.githubusercontent.com/heranmane/label_studio_images/main/10k_batches/batch_36/19720-3127648950817474.png,"The House will pass HR1 and HR4 today . What's in the bills? It gets rid of voter ID , Allows Illegals to vote , and allows 3rd parties to collect your ballot to turn in on your behalf. Call your 2 Senators Today!!!!!! Demand the vote NO on both of them"
batch_36,https://raw.githubusercontent.com/heranmane/label_studio_images/main/10k_batches/batch_36/197200-5217535618277042.png,Happy Tuesday! Temperatures this morning range from 13 in Estherville and Mason City to 28 in Clarinda and Shenandoah. Have a great day!
batch_36,https://raw.githubusercontent.com/heranmane/label_studio_images/main/10k_batches/batch_36/197201-5217233148307289.png,"It's after 5:30, which means it's time for a check of the radar and temperatures. Statewide, we're ranging from 12 in Mason City to 27 in Clarinda."
batch_36,https://raw.githubusercontent.com/heranmane/label_studio_images/main/10k_batches/batch_36/197202-5216230715074199.png,Here's a look at the weather as we head into your Tuesday. Full forecast available anytime at https://iowawx.com/forecast
batch_36,https://raw.githubusercontent.com/heranmane/label_studio_images/main/10k_batches/batch_36/197203-5215876281776309.png,Monday high temperatures: we ranged from 19 in Charles City and Decorah to 39 in Shenandoah.
batch_36,https://raw.githubusercontent.com/heranmane/label_studio_images/main/10k_batches/batch_36/197204-5215176958512908.png,"As we sit at the lunch-hour, here's the story out the window... temperatures range from 18 in Decorah to 36 in Keokuk, Red Oak, and Shenandoah."
batch_36,https://raw.githubusercontent.com/heranmane/label_studio_images/main/10k_batches/batch_36/197205-5214311848599419.png,"Welcome back to the work week! Temperatures this morning range from 10 in Clarinda, Decorah, Sheldon, and Washington to 27 in Council Bluffs. Have a great day!"
batch_36,https://raw.githubusercontent.com/heranmane/label_studio_images/main/10k_batches/batch_36/197206-5214005528630051.png,"It's after 5:30, which means it's time for a check of the radar and temperatures. Statewide, we're ranging from 9 in Audubon and Harlan to 23 in Council Bluffs."
batch_36,https://raw.githubusercontent.com/heranmane/label_studio_images/main/10k_batches/batch_36/197207-5213005178730086.png,Here's a look at the weather as we head into your Monday. Full forecast available anytime at https://iowawx.com/forecast
batch_36,https://raw.githubusercontent.com/heranmane/label_studio_images/main/10k_batches/batch_36/197208-5212633245433946.png,Sunday high temperatures: we ranged from 7 in Decorah to 27 in Sioux City.
batch_36,https://raw.githubusercontent.com/heranmane/label_studio_images/main/10k_batches/batch_36/197209-5212434528787151.png,"Good afternoon. As your Sunday afternoon rolls on, temperatures range from 5 in Charles City, Clarion, Forest City, and Mason City to 26 in Sioux City."
batch_36,https://raw.githubusercontent.com/heranmane/label_studio_images/main/10k_batches/batch_36/197210-5212003942163543.png,"As we sit at the lunch-hour, here's the story out the window... temperatures range from 3 in Mason City to 21 in Shenandoah."
batch_36,https://raw.githubusercontent.com/heranmane/label_studio_images/main/10k_batches/batch_36/197211-5211629442200993.png,It's morning over Sioux City... here's a look outside. The airport is reporting overcast and 10.
batch_36,https://raw.githubusercontent.com/heranmane/label_studio_images/main/10k_batches/batch_36/197212-5211029688927635.png,"It's after 5:30, which means it's time for a check of the radar and temperatures. Statewide, we're ranging from 1 in Algona, Forest City, and Sheldon to 19 in Keokuk."
batch_36,https://raw.githubusercontent.com/heranmane/label_studio_images/main/10k_batches/batch_36/197213-5209443799086224.png,"Good afternoon. Are you enjoying your weekend? Temperatures currently range from 7 in Charles City, Decorah, and Oelwein to 29 in Sioux City."
batch_36,https://raw.githubusercontent.com/heranmane/label_studio_images/main/10k_batches/batch_36/197214-5206902816006989.png,Here's a look at the weather as we head into your Saturday. Full forecast available anytime at https://iowawx.com/forecast
batch_36,https://raw.githubusercontent.com/heranmane/label_studio_images/main/10k_batches/batch_36/197215-5206300879400516.png,"As we approach drive-time, here's a look at the weather. Temperatures range from 10 in Forest City to 32 in Burlington, Keokuk, and Mount Pleasant."
batch_36,https://raw.githubusercontent.com/heranmane/label_studio_images/main/10k_batches/batch_36/197216-5203680706329200.png,Here's a look at the weather as we head into your Friday. Full forecast available anytime at https://iowawx.com/forecast
batch_36,https://raw.githubusercontent.com/heranmane/label_studio_images/main/10k_batches/batch_36/197217-5203312736365997.png,Thursday high temperatures: we ranged from 28 in Dubuque to 56 in Sioux City.
batch_36,https://raw.githubusercontent.com/heranmane/label_studio_images/main/10k_batches/batch_36/197218-5203079976389273.png,"As we approach drive-time, here's a look at the weather. Temperatures range from 25 in Decorah to 54 in Sioux City."
batch_36,https://raw.githubusercontent.com/heranmane/label_studio_images/main/10k_batches/batch_36/197219-5202573716439899.png,"As we sit at the lunch-hour, here's the story out the window... temperatures range from 19 in Decorah to 45 in Sioux City."
batch_36,https://raw.githubusercontent.com/heranmane/label_studio_images/main/10k_batches/batch_36/19722-5626391904060256.png,A lying 80 year old man with Dementia should not be President.
batch_36,https://raw.githubusercontent.com/heranmane/label_studio_images/main/10k_batches/batch_36/197220-5201804969850107.png,"Welcome to Thursday, Iowa! Taking a look at the weather this morning, temperatures range from 12 in Mason City and Sioux City to 27 in 5 locations. Have a great day!"
batch_36,https://raw.githubusercontent.com/heranmane/label_studio_images/main/10k_batches/batch_36/197221-5201506553213282.png,"It's after 5:30, which means it's time for a check of the radar and temperatures. Statewide, we're ranging from 12 in Sheldon and Sioux County to 29 in Burlington."
batch_36,https://raw.githubusercontent.com/heranmane/label_studio_images/main/10k_batches/batch_36/197222-5200539269976677.png,Here's a look at the weather as we head into your Thursday. Full forecast available anytime at https://iowawx.com/forecast
batch_36,https://raw.githubusercontent.com/heranmane/label_studio_images/main/10k_batches/batch_36/197223-5200156076681663.png,"Wednesday high temperatures: we ranged from 35 in Mason City to 50 in Clarinda, Red Oak, Shenandoah, and Sioux City."
batch_36,https://raw.githubusercontent.com/heranmane/label_studio_images/main/10k_batches/batch_36/197224-5199938600036744.png,"As we approach drive-time, here's a look at the weather. Temperatures range from 32 in 8 locations to 48 in Shenandoah."
batch_36,https://raw.githubusercontent.com/heranmane/label_studio_images/main/10k_batches/batch_36/197225-5199485916748679.png,"As we sit at the lunch-hour, here's the story out the window... temperatures range from 32 in Forest City to 48 in Clarinda and Shenandoah."
batch_36,https://raw.githubusercontent.com/heranmane/label_studio_images/main/10k_batches/batch_36/197226-5198721390158465.png,It's Wednesday. Here's how temperatures are looking: ranging from 31 in Iowa City to 43 in Sioux City. Have a great day!
batch_36,https://raw.githubusercontent.com/heranmane/label_studio_images/main/10k_batches/batch_36/197227-5197390520291552.png,Here's a look at the weather as we head into your Wednesday. Full forecast available anytime at https://iowawx.com/forecast
batch_36,https://raw.githubusercontent.com/heranmane/label_studio_images/main/10k_batches/batch_36/197228-5196808923683045.png,"As we approach drive-time, here's a look at the weather. Temperatures range from 34 in Decorah to 60 in Sioux City."
batch_36,https://raw.githubusercontent.com/heranmane/label_studio_images/main/10k_batches/batch_36/197229-5196339583729979.png,"As we sit at the lunch-hour, here's the story out the window... temperatures range from 31 in Dubuque to 54 in Ottumwa."
batch_36,https://raw.githubusercontent.com/heranmane/label_studio_images/main/10k_batches/batch_36/19723-1446422732459728.png,"Wow ‚Äî a Tennessee House Republicans Rep. Bud Hulsey (KINGSPORT) resolution accuses @AP of ‚Äúyellow journalism‚Äù, calling a report on racism in the military ‚Äúuntrue‚Äù & ‚Äúa problem that does not exist‚Äù Their war on truth continues. Wethinks thou dost protest to much, Bud. ü§î"
batch_36,https://raw.githubusercontent.com/heranmane/label_studio_images/main/10k_batches/batch_36/197230-5195606220469982.png,Happy Tuesday! Temperatures this morning range from 11 in Mason City to 36 in Le Mars. Have a great day!
batch_36,https://raw.githubusercontent.com/heranmane/label_studio_images/main/10k_batches/batch_36/197231-5195312230499381.png,"It's after 5:30, which means it's time for a check of the radar and temperatures. Statewide, we're ranging from 12 in Mason City to 37 in Council Bluffs."
batch_36,https://raw.githubusercontent.com/heranmane/label_studio_images/main/10k_batches/batch_36/197232-5193796737317597.png,"As we approach drive-time, here's a look at the weather. Temperatures range from 17 in Mason City to 59 in Sioux City."
batch_36,https://raw.githubusercontent.com/heranmane/label_studio_images/main/10k_batches/batch_36/197233-5192308377466433.png,"It's after 5:30, which means it's time for a check of the radar and temperatures. Statewide, we're ranging from -4 in Charles City, Forest City, and Mason City to 27 in Council Bluffs."
batch_36,https://raw.githubusercontent.com/heranmane/label_studio_images/main/10k_batches/batch_36/197234-5191343520896252.png,Here's a look at the weather as we head into your Monday. Full forecast available anytime at https://iowawx.com/forecast
batch_36,https://raw.githubusercontent.com/heranmane/label_studio_images/main/10k_batches/batch_36/197236-5190772324286705.png,"Good afternoon. As your Sunday afternoon rolls on, temperatures range from 16 in Forest City to 41 in Keokuk and Quad Cities."
batch_36,https://raw.githubusercontent.com/heranmane/label_studio_images/main/10k_batches/batch_36/197237-5189246544439283.png,"It's after 5:30, which means it's time for a check of the radar and temperatures. Statewide, we're ranging from 12 in Forest City to 30 in Knoxville."
batch_36,https://raw.githubusercontent.com/heranmane/label_studio_images/main/10k_batches/batch_36/197238-5188230111207593.png,Here's a look at the weather as we head into your Sunday. Full forecast available anytime at https://iowawx.com/forecast
batch_36,https://raw.githubusercontent.com/heranmane/label_studio_images/main/10k_batches/batch_36/197239-5187805984583339.png,Saturday high temperatures: we ranged from 20 in Dubuque to 55 in Sioux City.
batch_36,https://raw.githubusercontent.com/heranmane/label_studio_images/main/10k_batches/batch_36/197240-5187542304609707.png,Good afternoon. Are you enjoying your weekend? Temperatures currently range from 20 in Dubuque to 53 in Sioux City.
batch_36,https://raw.githubusercontent.com/heranmane/label_studio_images/main/10k_batches/batch_36/197241-5184868998210371.png,Here's a look at the weather as we head into your Saturday. Full forecast available anytime at https://iowawx.com/forecast
batch_36,https://raw.githubusercontent.com/heranmane/label_studio_images/main/10k_batches/batch_36/197242-5184499504913987.png,"Friday high temperatures: we ranged from 10 in Mason City to 30 in Clarinda, Red Oak, and Shenandoah."
batch_36,https://raw.githubusercontent.com/heranmane/label_studio_images/main/10k_batches/batch_36/197243-5184271131603491.png,"As we approach drive-time, here's a look at the weather. Temperatures range from 1 in Forest City to 27 in Clarinda, Centerville, Red Oak, and Shenandoah."
batch_36,https://raw.githubusercontent.com/heranmane/label_studio_images/main/10k_batches/batch_36/197244-5183771428320128.png,"As we sit at the lunch-hour, here's the story out the window... temperatures range from 7 in Algona, Decorah, and Forest City to 30 in Shenandoah."
batch_36,https://raw.githubusercontent.com/heranmane/label_studio_images/main/10k_batches/batch_36/197245-5183008058396465.png,"Happy Friday! We're almost to the weekend. As you head out the door this morning, temperatures range from -8 in Monticello to 14 in Sioux County. Have a great day!"
batch_36,https://raw.githubusercontent.com/heranmane/label_studio_images/main/10k_batches/batch_36/197246-5181511658546105.png,Here's a look at the weather as we head into your Friday. Full forecast available anytime at https://iowawx.com/forecast
batch_36,https://raw.githubusercontent.com/heranmane/label_studio_images/main/10k_batches/batch_36/197247-5181099485253989.png,Thursday high temperatures: we ranged from 1 in Algona to 21 in Mount Pleasant.
batch_36,https://raw.githubusercontent.com/heranmane/label_studio_images/main/10k_batches/batch_36/197248-5180831401947464.png,"As we approach drive-time, here's a look at the weather. Temperatures range from 1 in Estherville to 19 in Mount Pleasant."
batch_36,https://raw.githubusercontent.com/heranmane/label_studio_images/main/10k_batches/batch_36/197249-5180422408655030.png,"As we hit the afternoon, here's a look at the remainder of the day in Sioux City. Get the latest forecast anytime at https://iowawx.com/forecast"
batch_36,https://raw.githubusercontent.com/heranmane/label_studio_images/main/10k_batches/batch_36/197250-5180196772010927.png,"As we sit at the lunch-hour, here's the story out the window... temperatures range from -2 in Algona to 14 in 5 locations."
batch_36,https://raw.githubusercontent.com/heranmane/label_studio_images/main/10k_batches/batch_36/197251-5179343478762923.png,"Welcome to Thursday, Iowa! Taking a look at the weather this morning, temperatures range from -13 in Algona to 10 in Keokuk, Mount Pleasant, and Muscatine. Have a great day!"
batch_36,https://raw.githubusercontent.com/heranmane/label_studio_images/main/10k_batches/batch_36/197252-5179007522129852.png,"It's after 5:30, which means it's time for a check of the radar and temperatures. Statewide, we're ranging from -11 in Algona to 12 in Mount Pleasant."
batch_36,https://raw.githubusercontent.com/heranmane/label_studio_images/main/10k_batches/batch_36/197253-5177900798907191.png,Here's a look at the weather as we head into your Thursday. Full forecast available anytime at https://iowawx.com/forecast
batch_36,https://raw.githubusercontent.com/heranmane/label_studio_images/main/10k_batches/batch_36/197254-5177270728970198.png,"As we approach drive-time, here's a look at the weather. Temperatures range from 1 in Algona to 19 in Mount Pleasant."
batch_36,https://raw.githubusercontent.com/heranmane/label_studio_images/main/10k_batches/batch_36/197255-5176699509027320.png,"As we sit at the lunch-hour, here's the story out the window... temperatures range from 1 in Algona to 19 in Shenandoah."
batch_36,https://raw.githubusercontent.com/heranmane/label_studio_images/main/10k_batches/batch_36/197256-5174605332570071.png,Here's a look at the weather as we head into your Wednesday. Full forecast available anytime at https://iowawx.com/forecast
batch_36,https://raw.githubusercontent.com/heranmane/label_studio_images/main/10k_batches/batch_36/197257-5174219832608621.png,Tuesday high temperatures: we ranged from 32 in Clarion to 48 in Keokuk.
batch_36,https://raw.githubusercontent.com/heranmane/label_studio_images/main/10k_batches/batch_36/197258-5173989205965017.png,"As we approach drive-time, here's a look at the weather. Temperatures range from 16 in Charles City and Forest City to 36 in Burlington."
batch_36,https://raw.githubusercontent.com/heranmane/label_studio_images/main/10k_batches/batch_36/197259-5173468586017079.png,"As we sit at the lunch-hour, here's the story out the window... temperatures range from 21 in Algona, Charles City, Forest City, and Sioux County to 43 in Burlington."
batch_36,https://raw.githubusercontent.com/heranmane/label_studio_images/main/10k_batches/batch_36/19726-5385187988213682.png,This weeks Food Truck Friday Lineup! üòã May 6th 4-7 pm
batch_36,https://raw.githubusercontent.com/heranmane/label_studio_images/main/10k_batches/batch_36/197260-5172674499429821.png,Happy Tuesday! Temperatures this morning range from 21 in Ames to 41 in Keokuk and Quad Cities. Have a great day!
batch_36,https://raw.githubusercontent.com/heranmane/label_studio_images/main/10k_batches/batch_36/197261-5172261342804470.png,"It's after 5:30, which means it's time for a check of the radar and temperatures. Statewide, we're ranging from 24 in Ames to 41 in Keokuk and Quad Cities."
batch_36,https://raw.githubusercontent.com/heranmane/label_studio_images/main/10k_batches/batch_36/197262-5171128126251125.png,Here's a look at the weather as we head into your Tuesday. Full forecast available anytime at https://iowawx.com/forecast
batch_36,https://raw.githubusercontent.com/heranmane/label_studio_images/main/10k_batches/batch_36/197263-5170759566287981.png,Monday high temperatures: we ranged from 28 in Mason City to 55 in Shenandoah.
batch_36,https://raw.githubusercontent.com/heranmane/label_studio_images/main/10k_batches/batch_36/197264-5169296443100960.png,Welcome back to the work week! Temperatures this morning range from 9 in Clinton to 30 in Clarinda and Shenandoah. Have a great day!
batch_36,https://raw.githubusercontent.com/heranmane/label_studio_images/main/10k_batches/batch_36/197265-5168101996553738.png,Here's a look at the weather as we head into your Monday. Full forecast available anytime at https://iowawx.com/forecast
batch_36,https://raw.githubusercontent.com/heranmane/label_studio_images/main/10k_batches/batch_36/197266-5167574073273197.png,"Good afternoon. As your Sunday afternoon rolls on, temperatures range from 17 in Mason City to 36 in Council Bluffs and Shenandoah."
batch_36,https://raw.githubusercontent.com/heranmane/label_studio_images/main/10k_batches/batch_36/197267-5166369796726958.png,"As we enter the second half of the weekend, temperatures this morning range from 9 in Estherville to 23 in Council Bluffs. Enjoy your Sunday!"
batch_36,https://raw.githubusercontent.com/heranmane/label_studio_images/main/10k_batches/batch_36/197268-5166100520087219.png,"It's after 5:30, which means it's time for a check of the radar and temperatures. Statewide, we're ranging from 9 in Webster City to 25 in Clarinda and Council Bluffs."
batch_36,https://raw.githubusercontent.com/heranmane/label_studio_images/main/10k_batches/batch_36/197269-5165140860183185.png,Here's a look at the weather as we head into your Sunday. Full forecast available anytime at https://iowawx.com/forecast
batch_36,https://raw.githubusercontent.com/heranmane/label_studio_images/main/10k_batches/batch_36/19727-991515318470659.png,‚ÄúThey haven‚Äôt held anyone responsible for what happened... I‚Äôm still waiting for real action to happen.‚Äù The Northern California soccer player who was the target of racist monkey sounds is disappointed by the sanctions levied against the offending school. Read more: https://justwomenssports.com/oak-ridge-buchanan-girls-soccer-racist-heckling/
batch_36,https://raw.githubusercontent.com/heranmane/label_studio_images/main/10k_batches/batch_36/197270-5164775676886370.png,Saturday high temperatures: we ranged from 23 in Charles City and Dubuque to 55 in Sioux City.
batch_36,https://raw.githubusercontent.com/heranmane/label_studio_images/main/10k_batches/batch_36/197271-5164097016954236.png,"As we sit at the lunch-hour, here's the story out the window... temperatures range from 17 in Mason City to 44 in Sioux City."
batch_36,https://raw.githubusercontent.com/heranmane/label_studio_images/main/10k_batches/batch_36/197272-5163332453697359.png,"Welcome to the weekend. Here's a look at temperatures around the area - we range from 3 in Mason City to 18 in Council Bluffs, Osceola, and Shenandoah. Enjoy your Saturday."
batch_36,https://raw.githubusercontent.com/heranmane/label_studio_images/main/10k_batches/batch_36/197273-5162031390494132.png,Here's a look at the weather as we head into your Saturday. Full forecast available anytime at https://iowawx.com/forecast
batch_36,https://raw.githubusercontent.com/heranmane/label_studio_images/main/10k_batches/batch_36/197274-5161181843912420.png,"As we approach drive-time, here's a look at the weather. Temperatures range from 9 in Charles City and Oelwein to 36 in Sioux City."
batch_36,https://raw.githubusercontent.com/heranmane/label_studio_images/main/10k_batches/batch_36/197275-5161014263929178.png,It's afternoon over Sioux City... here's a look outside. The airport is reporting sunny and 34.
batch_36,https://raw.githubusercontent.com/heranmane/label_studio_images/main/10k_batches/batch_36/197276-5160464790650792.png,"As we sit at the lunch-hour, here's the story out the window... temperatures range from 0 in Clarion to 22 in Sioux City."
batch_36,https://raw.githubusercontent.com/heranmane/label_studio_images/main/10k_batches/batch_36/197277-5159811390716132.png,It's morning over Sioux City... here's a look outside. The airport is reporting sunny and 5.
batch_36,https://raw.githubusercontent.com/heranmane/label_studio_images/main/10k_batches/batch_36/197278-5157329884297616.png,Here's a look at the weather as we head into your Friday. Full forecast available anytime at https://iowawx.com/forecast
batch_36,https://raw.githubusercontent.com/heranmane/label_studio_images/main/10k_batches/batch_36/197279-5156472464383358.png,"As we approach drive-time, here's a look at the weather. Temperatures range from 16 in Estherville to 39 in Council Bluffs, Red Oak, and Shenandoah."
batch_36,https://raw.githubusercontent.com/heranmane/label_studio_images/main/10k_batches/batch_36/19728-3108590339393838.png,"KETO CINNAMON GRANOLA by @amandaeatsketoish INGREDIENTS: * 1 cup pecans * 1/2 cup walnuts * 1 serving Snickerdoodle Keto Chow (or 1 scoop) * 1/4 cup granulated erythritol * 1 teaspoon cinnamon * 1/4 cup super seed mix (chia seed, ground flax and hemp hearts) * 1/4 cup sliced almonds * 2 large egg whites ‚Ä® DIRECTIONS: * Preheat the oven to 350 degrees. * In a food processor, pulse pecans and walnuts until they are still a little chunky. * Add erythritol, Keto Chow, and cinnamon and pulse again. * Take the blade out of the bowl and add in the rest of the ingredients and mix together with a fork. * Dump mixture onto a 9x13 pan or baking dish and mix together again with your hands. Press into the pan evenly. It helps to put wax paper over the top so it doesn‚Äôt stick to your hands. * Bake at 350 degrees for 20-25 minutes. * Let cool completely, it will harden more as it cools. Once it‚Äôs completely cooled, break it up with metal spatula or hands. If it‚Äôs still too soft after breaking up you can put it back in the oven for extra time. Remember not to bake it too long as it will crisp up more as it cools.‚Ä®‚Ä®‚Ä® #glutenfree #highprotein #fitfood #weightloss #dieta #lchf #keto #lowcarb #ketogenic #ketosis #ketodiet #lowcarbhighfat #ketogenicdiet #paleo #ketofam #highfat #primal #lowcarbdiet #sugarfree #lowcarblifestyle #grainfree #paleodiet #ketolife #eatfatlosefat #ketochowrecipe"
batch_36,https://raw.githubusercontent.com/heranmane/label_studio_images/main/10k_batches/batch_36/197280-5155771114453493.png,"As we sit at the lunch-hour, here's the story out the window... temperatures range from 28 in Clinton to 41 in Sioux City."
batch_36,https://raw.githubusercontent.com/heranmane/label_studio_images/main/10k_batches/batch_36/197281-5154650354565569.png,"Welcome to Thursday, Iowa! Taking a look at the weather this morning, temperatures range from 19 in Creston and Shenandoah to 32 in Denison and Spencer. Have a great day!"
batch_36,https://raw.githubusercontent.com/heranmane/label_studio_images/main/10k_batches/batch_36/197282-5152781618085776.png,Here's a look at the weather as we head into your Thursday. Full forecast available anytime at https://iowawx.com/forecast
batch_36,https://raw.githubusercontent.com/heranmane/label_studio_images/main/10k_batches/batch_36/197283-5151959548167983.png,"As we approach drive-time, here's a look at the weather. Temperatures range from 9 in Dubuque to 41 in Sioux City."
batch_36,https://raw.githubusercontent.com/heranmane/label_studio_images/main/10k_batches/batch_36/197284-5150098465020758.png,It's Wednesday. Here's how temperatures are looking: ranging from -20 in Charles City and Oelwein to 5 in Council Bluffs. Have a great day!
batch_36,https://raw.githubusercontent.com/heranmane/label_studio_images/main/10k_batches/batch_36/197285-5148161485214456.png,Here's a look at the weather as we head into your Wednesday. Full forecast available anytime at https://iowawx.com/forecast
batch_36,https://raw.githubusercontent.com/heranmane/label_studio_images/main/10k_batches/batch_36/197286-5147315055299099.png,"As we approach drive-time, here's a look at the weather. Temperatures range from -1 in Mason City to 19 in Red Oak and Shenandoah."
batch_36,https://raw.githubusercontent.com/heranmane/label_studio_images/main/10k_batches/batch_36/197287-5147153905315214.png,It's afternoon over Sioux City... here's a look outside. The airport is reporting sunny and 19.
batch_36,https://raw.githubusercontent.com/heranmane/label_studio_images/main/10k_batches/batch_36/197288-5142753015755303.png,"As we approach drive-time, here's a look at the weather. Temperatures range from 6 in Mason City to 28 in Clarinda and Shenandoah."
batch_36,https://raw.githubusercontent.com/heranmane/label_studio_images/main/10k_batches/batch_36/197289-5142077822489489.png,"As we sit at the lunch-hour, here's the story out the window... temperatures range from 8 in Estherville to 39 in Clarinda and Shenandoah."
batch_36,https://raw.githubusercontent.com/heranmane/label_studio_images/main/10k_batches/batch_36/19729-3199125553665442.png,Alabama She had a career she was getting ready to retire so what would make a career woman risk everything including her freedom for a man who is a career criminal? 17 years with Lauderdale County Sheriff's Department Vicki white doesn't know it but she's on a honeymoon with Casey White and we all know soon the honeymoon must come to its end. Casey White and Vicky White both are considered armed and dangerous and may be armed with an AR-15 rifle and a shotgun. Surveillance video https://youtu.be/tYjA1oO92EE:=:https://www.youtube.com/watch?v=tYjA1oO92EE
batch_36,https://raw.githubusercontent.com/heranmane/label_studio_images/main/10k_batches/batch_36/197290-5140907875939817.png,Welcome back to the work week! Temperatures this morning range from 18 in Decorah to 39 in Red Oak. Have a great day!
batch_36,https://raw.githubusercontent.com/heranmane/label_studio_images/main/10k_batches/batch_36/197291-5140474132649858.png,"It's after 5:30, which means it's time for a check of the radar and temperatures. Statewide, we're ranging from 16 in Decorah to 39 in Council Bluffs."
batch_36,https://raw.githubusercontent.com/heranmane/label_studio_images/main/10k_batches/batch_36/197292-5139058342791437.png,Here's a look at the weather as we head into your Monday. Full forecast available anytime at https://iowawx.com/forecast
batch_36,https://raw.githubusercontent.com/heranmane/label_studio_images/main/10k_batches/batch_36/197293-5138548429509095.png,"Sunday high temperatures: we ranged from 10 in Decorah to 43 in Chariton, Council Bluffs, Knoxville, and Mount Pleasant."
batch_36,https://raw.githubusercontent.com/heranmane/label_studio_images/main/10k_batches/batch_36/197294-5135948746435730.png,"It's after 5:30, which means it's time for a check of the radar and temperatures. Statewide, we're ranging from -2 in Charles City to 34 in Keokuk."
batch_36,https://raw.githubusercontent.com/heranmane/label_studio_images/main/10k_batches/batch_36/197295-5133956783301593.png,Saturday high temperatures: we ranged from 22 in Cedar Rapids to 42 in Sioux City.
batch_36,https://raw.githubusercontent.com/heranmane/label_studio_images/main/10k_batches/batch_36/197296-5133655349998403.png,Good afternoon. Are you enjoying your weekend? Temperatures currently range from 12 in Charles City and Decorah to 40 in Sioux City.
batch_36,https://raw.githubusercontent.com/heranmane/label_studio_images/main/10k_batches/batch_36/197297-5131404163556855.png,"It's after 5:30, which means it's time for a check of the radar and temperatures. Statewide, we're ranging from 17 in Cedar Rapids and Dubuque to 28 in Sioux City."
batch_36,https://raw.githubusercontent.com/heranmane/label_studio_images/main/10k_batches/batch_36/197298-5129939013703370.png,Here's a look at the weather as we head into your Saturday. Full forecast available anytime at https://iowawx.com/forecast
batch_36,https://raw.githubusercontent.com/heranmane/label_studio_images/main/10k_batches/batch_36/197299-5129407270423211.png,Friday high temperatures: we ranged from 7 in Charles City and Oelwein to 30 in Sioux City.
batch_36,https://raw.githubusercontent.com/heranmane/label_studio_images/main/10k_batches/batch_36/1973-4918880328204902.png,"As we celebrate the last day of Jewish Disabilities Awareness, Acceptance, and Inclusion Month - #JDAAIM, we are proud of the incredible Israelis who are overcoming disabilities through Jewish National Fund - USA programs. One example is our work with Red Mountain Therapeutic Riding Center- ◊î◊ó◊ï◊ï◊î ◊î◊ò◊ô◊§◊ï◊ú◊ô◊™ ◊û◊ï◊ú ◊î◊®◊ô ◊ê◊ì◊ï◊ù, a rehabilitative center for the special needs populations in southern Israel. It‚Äôs changing lives everyday. Learn more: my.jnf.org/redmountain:=:https://my.jnf.org/redmountain. All donations made by end of day today doubled, made possible by a very generous #JNF-USA donor. üíôüáÆüá±üêéüí™üèº #LoveGrowsInIsrael #poweredbyJNF"
batch_36,https://raw.githubusercontent.com/heranmane/label_studio_images/main/10k_batches/batch_36/19730-1388093688278592.png,Heeere fact checker fact checker fact checker... come get it boy.
batch_36,https://raw.githubusercontent.com/heranmane/label_studio_images/main/10k_batches/batch_36/197300-5129081890455749.png,"As we approach drive-time, here's a look at the weather. Temperatures range from 7 in Charles City and Oelwein to 30 in Sioux City."
batch_36,https://raw.githubusercontent.com/heranmane/label_studio_images/main/10k_batches/batch_36/197301-5128399593857312.png,"As we sit at the lunch-hour, here's the story out the window... temperatures range from 1 in Charles City and Oelwein to 23 in Sioux City."
batch_36,https://raw.githubusercontent.com/heranmane/label_studio_images/main/10k_batches/batch_36/197302-5128128783884393.png,"As we approach the noon hour on this Friday, here's an early look at your weekend weather forecast:"
batch_36,https://raw.githubusercontent.com/heranmane/label_studio_images/main/10k_batches/batch_36/197303-5127309637299641.png,"Happy Friday! We're almost to the weekend. As you head out the door this morning, temperatures range from -19 in Mason City to 3 in Le Mars. Have a great day!"
batch_36,https://raw.githubusercontent.com/heranmane/label_studio_images/main/10k_batches/batch_36/197304-5126896280674310.png,"It's after 5:30, which means it's time for a check of the radar and temperatures. Statewide, we're ranging from -19 in Ames to 3 in Le Mars."
batch_36,https://raw.githubusercontent.com/heranmane/label_studio_images/main/10k_batches/batch_36/197305-5125514190812519.png,Here's a look at the weather as we head into your Friday. Full forecast available anytime at https://iowawx.com/forecast
batch_36,https://raw.githubusercontent.com/heranmane/label_studio_images/main/10k_batches/batch_36/197306-5124991844198087.png,Thursday high temperatures: we ranged from -2 in Clarion and Webster City to 16 in Sioux City.
batch_36,https://raw.githubusercontent.com/heranmane/label_studio_images/main/10k_batches/batch_36/197307-5124667550897183.png,"As we approach drive-time, here's a look at the weather. Temperatures range from -2 in Charles City, Clarion, Forest City, and Webster City to 15 in Sioux City."
batch_36,https://raw.githubusercontent.com/heranmane/label_studio_images/main/10k_batches/batch_36/197308-5122849167745688.png,"Welcome to Thursday, Iowa! Taking a look at the weather this morning, temperatures range from -17 in Webster City to 0 in Clarinda, Mount Pleasant, and Shenandoah. Have a great day!"
batch_36,https://raw.githubusercontent.com/heranmane/label_studio_images/main/10k_batches/batch_36/197309-5122406131123325.png,"It's after 5:30, which means it's time for a check of the radar and temperatures. Statewide, we're ranging from -15 in Webster City to 1 in Mount Pleasant and Shenandoah."
batch_36,https://raw.githubusercontent.com/heranmane/label_studio_images/main/10k_batches/batch_36/19731-10159847204532460.png,"Join us tomorrow at 7:00 p.m., for a time of worship and prayer hosted by Mac Powell and our Apostles Worship team! Join us as we lift up the name of Jesus together through singing and prayer!"
batch_36,https://raw.githubusercontent.com/heranmane/label_studio_images/main/10k_batches/batch_36/197310-5120447367985868.png,Wednesday high temperatures: we ranged from 9 in Forest City to 37 in Keokuk.
batch_36,https://raw.githubusercontent.com/heranmane/label_studio_images/main/10k_batches/batch_36/197311-5120140371349901.png,"As we approach drive-time, here's a look at the weather. Temperatures range from 3 in 5 locations to 16 in Red Oak and Shenandoah."
batch_36,https://raw.githubusercontent.com/heranmane/label_studio_images/main/10k_batches/batch_36/197312-5118817428148862.png,It's morning over Sioux City... here's a look outside. The airport is reporting sunny and 6.
batch_36,https://raw.githubusercontent.com/heranmane/label_studio_images/main/10k_batches/batch_36/197313-5118340271529911.png,It's Wednesday. Here's how temperatures are looking: ranging from 0 in Clarion and Forest City to 16 in Lamoni. Have a great day!
batch_36,https://raw.githubusercontent.com/heranmane/label_studio_images/main/10k_batches/batch_36/197314-5115931978437407.png,Tuesday high temperatures: we ranged from 34 in Oelwein to 62 in Sioux City.
batch_36,https://raw.githubusercontent.com/heranmane/label_studio_images/main/10k_batches/batch_36/197315-5115631708467434.png,"As we approach drive-time, here's a look at the weather. Temperatures range from 34 in Oelwein to 57 in Sioux City."
batch_36,https://raw.githubusercontent.com/heranmane/label_studio_images/main/10k_batches/batch_36/197316-5111973732166565.png,Here's a look at the weather as we head into your Tuesday. Full forecast available anytime at https://iowawx.com/forecast
batch_36,https://raw.githubusercontent.com/heranmane/label_studio_images/main/10k_batches/batch_36/197317-5111463415550930.png,Monday high temperatures: we ranged from 26 in Cedar Rapids to 48 in Sioux City.
batch_36,https://raw.githubusercontent.com/heranmane/label_studio_images/main/10k_batches/batch_36/197318-5111166585580613.png,"As we approach drive-time, here's a look at the weather. Temperatures range from 23 in Cedar Rapids to 47 in Sioux City."
batch_36,https://raw.githubusercontent.com/heranmane/label_studio_images/main/10k_batches/batch_36/197319-5110487755648496.png,"As we sit at the lunch-hour, here's the story out the window... temperatures range from 21 in Charles City to 39 in Sioux City."
batch_36,https://raw.githubusercontent.com/heranmane/label_studio_images/main/10k_batches/batch_36/19732-2477437029056643.png,Same place new family. Let's support and hope this place becomes a success!
batch_36,https://raw.githubusercontent.com/heranmane/label_studio_images/main/10k_batches/batch_36/197320-5109345972429341.png,Welcome back to the work week! Temperatures this morning range from 9 in Mason City to 28 in Mount Pleasant and Muscatine. Have a great day!
batch_36,https://raw.githubusercontent.com/heranmane/label_studio_images/main/10k_batches/batch_36/197321-5107505805946691.png,Here's a look at the weather as we head into your Monday. Full forecast available anytime at https://iowawx.com/forecast
batch_36,https://raw.githubusercontent.com/heranmane/label_studio_images/main/10k_batches/batch_36/197322-5106695532694385.png,"Good afternoon. As your Sunday afternoon rolls on, temperatures range from 19 in Cedar Rapids to 45 in Sioux City."
batch_36,https://raw.githubusercontent.com/heranmane/label_studio_images/main/10k_batches/batch_36/197323-5104940862869852.png,Looking ahead at the morning for Sioux City... get the latest forecast anytime at https://iowawx.com/forecast
batch_36,https://raw.githubusercontent.com/heranmane/label_studio_images/main/10k_batches/batch_36/197324-5104401619590443.png,"It's after 5:30, which means it's time for a check of the radar and temperatures. Statewide, we're ranging from 0 in Clinton to 16 in Oskaloosa and Vinton."
batch_36,https://raw.githubusercontent.com/heranmane/label_studio_images/main/10k_batches/batch_36/197325-5102410179789587.png,Saturday high temperatures: we ranged from 10 in Sheldon to 32 in Lamoni.
batch_36,https://raw.githubusercontent.com/heranmane/label_studio_images/main/10k_batches/batch_36/197326-5102090686488203.png,"Good afternoon. Are you enjoying your weekend? Temperatures currently range from 5 in Algona, Clarion, and Webster City to 23 in Keokuk and Mount Pleasant."
batch_36,https://raw.githubusercontent.com/heranmane/label_studio_images/main/10k_batches/batch_36/197327-5101415369889068.png,"As we sit at the lunch-hour, here's the story out the window... temperatures range from 3 in Algona to 25 in Mount Pleasant."
batch_36,https://raw.githubusercontent.com/heranmane/label_studio_images/main/10k_batches/batch_36/197328-5100230993340839.png,"Welcome to the weekend. Here's a look at temperatures around the area - we range from -4 in Algona, Estherville, and Sheldon to 25 in Keokuk. Enjoy your Saturday."
batch_36,https://raw.githubusercontent.com/heranmane/label_studio_images/main/10k_batches/batch_36/197329-5099801323383806.png,"It's after 5:30, which means it's time for a check of the radar and temperatures. Statewide, we're ranging from 0 in Estherville to 25 in Keokuk."
batch_36,https://raw.githubusercontent.com/heranmane/label_studio_images/main/10k_batches/batch_36/19733-4938839666236974.png,Elections have consequences‚Ä¶. Six years ago they let the bigots and conspiracy nuts out of the closet‚Ä¶ It‚Äôll take a generation to put them back in.
batch_36,https://raw.githubusercontent.com/heranmane/label_studio_images/main/10k_batches/batch_36/197331-5097494173614521.png,"As we approach drive-time, here's a look at the weather. Temperatures range from 19 in Decorah and Sheldon to 37 in Clarinda, Red Oak, and Shenandoah."
batch_36,https://raw.githubusercontent.com/heranmane/label_studio_images/main/10k_batches/batch_36/197332-5096782763685662.png,"As we sit at the lunch-hour, here's the story out the window... temperatures range from 21 in Decorah to 37 in Shenandoah."
batch_36,https://raw.githubusercontent.com/heranmane/label_studio_images/main/10k_batches/batch_36/197333-5096518683712070.png,"As we approach the noon hour on this Friday, here's an early look at your weekend weather forecast:"
batch_36,https://raw.githubusercontent.com/heranmane/label_studio_images/main/10k_batches/batch_36/197334-5093224197374852.png,"Thursday high temperatures: we ranged from 37 in Monticello to 54 in Clarinda, Red Oak, and Shenandoah."
batch_36,https://raw.githubusercontent.com/heranmane/label_studio_images/main/10k_batches/batch_36/197335-5092900920740513.png,"As we approach drive-time, here's a look at the weather. Temperatures range from 30 in Estherville to 52 in Shenandoah."
batch_36,https://raw.githubusercontent.com/heranmane/label_studio_images/main/10k_batches/batch_36/197336-5092188140811791.png,"As we sit at the lunch-hour, here's the story out the window... temperatures range from 34 in Quad Cities to 52 in Red Oak."
batch_36,https://raw.githubusercontent.com/heranmane/label_studio_images/main/10k_batches/batch_36/197337-5091373494226589.png,Drought monitor as of January 11: ‚ñ™Ô∏è Moderate (D1): 13.73 (1.86) ‚ñ™Ô∏è Abn. Dry (D0): 50.58 (1.56) Latest info: https://iowawx.com/dss/drought
batch_36,https://raw.githubusercontent.com/heranmane/label_studio_images/main/10k_batches/batch_36/197338-5091127430917862.png,Looking ahead at the morning for Sioux City... get the latest forecast anytime at https://iowawx.com/forecast
batch_36,https://raw.githubusercontent.com/heranmane/label_studio_images/main/10k_batches/batch_36/197339-5091028670927738.png,"Welcome to Thursday, Iowa! Taking a look at the weather this morning, temperatures range from 21 in Clarion to 39 in Council Bluffs. Have a great day!"
batch_36,https://raw.githubusercontent.com/heranmane/label_studio_images/main/10k_batches/batch_36/197340-5089140827783189.png,Here's a look at the weather as we head into your Thursday. Full forecast available anytime at https://iowawx.com/forecast
batch_36,https://raw.githubusercontent.com/heranmane/label_studio_images/main/10k_batches/batch_36/197341-5088626311167974.png,Wednesday high temperatures: we ranged from 39 in Monticello and Oelwein to 57 in Sioux City.
batch_36,https://raw.githubusercontent.com/heranmane/label_studio_images/main/10k_batches/batch_36/197342-5088423931188212.png,"As we approach drive-time, here's a look at the weather. Temperatures range from 36 in Monticello and Oelwein to 54 in Sioux City."
batch_36,https://raw.githubusercontent.com/heranmane/label_studio_images/main/10k_batches/batch_36/197343-5086976941332911.png,"It's after 5:30, which means it's time for a check of the radar and temperatures. Statewide, we're ranging from 23 in Clarinda to 39 in Storm Lake."
batch_36,https://raw.githubusercontent.com/heranmane/label_studio_images/main/10k_batches/batch_36/197344-5086069251423680.png,Here's a look at the weather as we head into your Wednesday. Full forecast available anytime at https://iowawx.com/forecast
batch_36,https://raw.githubusercontent.com/heranmane/label_studio_images/main/10k_batches/batch_36/197345-5085524741478131.png,"As we approach drive-time, here's a look at the weather. Temperatures range from 32 in Dubuque to 55 in Sioux City."
batch_36,https://raw.githubusercontent.com/heranmane/label_studio_images/main/10k_batches/batch_36/197346-5085424458154826.png,It's afternoon over Sioux City... here's a look outside. The airport is reporting sunny and 56.
batch_36,https://raw.githubusercontent.com/heranmane/label_studio_images/main/10k_batches/batch_36/197347-5085081398189132.png,"As we sit at the lunch-hour, here's the story out the window... temperatures range from 20 in Dubuque to 53 in Sioux City."
batch_36,https://raw.githubusercontent.com/heranmane/label_studio_images/main/10k_batches/batch_36/197348-5084089684954970.png,"It's after 5:30, which means it's time for a check of the radar and temperatures. Statewide, we're ranging from 1 in Dubuque to 21 in Le Mars."
batch_36,https://raw.githubusercontent.com/heranmane/label_studio_images/main/10k_batches/batch_36/197349-5082807281749877.png,"Monday high temperatures: we ranged from 10 in Charles City, Decorah, Monticello, and Oelwein to 36 in Shenandoah."
batch_36,https://raw.githubusercontent.com/heranmane/label_studio_images/main/10k_batches/batch_36/19735-2380270628939218.png,Today is #WorldBookDay üìñ From book recommendations to book clubs to highlighting Black storytellers‚Äî here are some of our favorite book pages that YOU should be following üìöüñ§‚ú® What are YOU currently reading??? Drop the titles below üëáüèøüëáüèΩüëáüèæ . . . . . #blacklove #blacklovemagic #blacklovematters #blacklovestories #blackjoy #bookrecs #readingisfundamental #bookworm #books #booklover #bookrecommendations #readingcommunity #blacklit #bookclub #shareblackstories #blackstorytellers #blackauthors
